{
	"name": "customer_csv",
	"properties": {
		"linkedServiceName": {
			"referenceName": "atc_adf_sql_blob",
			"type": "LinkedServiceReference"
		},
		"annotations": [],
		"type": "DelimitedText",
		"typeProperties": {
			"location": {
				"type": "AzureBlobStorageLocation",
				"fileName": "wwidw-customer.txt",
				"container": "data"
			},
			"columnDelimiter": ",",
			"escapeChar": "\\",
			"firstRowAsHeader": true,
			"quoteChar": "\""
		},
		"schema": [
			{
				"name": "Customer Key",
				"type": "String"
			},
			{
				"name": "WWI Customer ID",
				"type": "String"
			},
			{
				"name": "Customer",
				"type": "String"
			},
			{
				"name": "Bill To Customer",
				"type": "String"
			},
			{
				"name": "Category",
				"type": "String"
			},
			{
				"name": "Buying Group",
				"type": "String"
			},
			{
				"name": "Primary Contact",
				"type": "String"
			},
			{
				"name": "Postal Code",
				"type": "String"
			},
			{
				"name": "Valid From",
				"type": "String"
			},
			{
				"name": "Valid To",
				"type": "String"
			},
			{
				"name": "Lineage Key",
				"type": "String"
			}
		]
	}
}