<?xml version="1.0" encoding="UTF-8" standalone="no"?>
<project default="create_run_jar" name="Create Runnable Jar for Project SQLImageViewer with Jar-in-Jar Loader">
    <!--this file was created by Eclipse Runnable JAR file Export Wizard-->
    <!--ANT 1.7 is required-->
    <!--define folder properties-->
    <property name="dir.buildfile" value="."/>
    <property name="dir.workspace" value="C:/Users/Edi Obradovic/eclipse-workspace"/>
    <property name="dir.jarfile" value="${dir.buildfile}"/>
    <target name="create_run_jar">
        <jar destfile="${dir.jarfile}/SQLImageViewer.jar">
            <manifest>
                <attribute name="Main-Class" value="org.eclipse.jdt.internal.jarinjarloader.JarRsrcLoader"/>
                <attribute name="Rsrc-Main-Class" value="org.eoprojects.sqlimageviewer.Main"/>
                <attribute name="Class-Path" value="."/>
                <attribute name="Rsrc-Class-Path" value="./ org.eclipse.fx.ide.css.jfx8_2.4.0.201605112122.jar sqljdbc42.jar mysql-connector-java-5.1.44-bin.jar"/>
            </manifest>
            <zipfileset src="jar-in-jar-loader.zip"/>
            <fileset dir="${dir.jarfile}/bin"/>
            <zipfileset dir="C:/Users/Edi Obradovic/.p2/pool/plugins" includes="org.eclipse.fx.ide.css.jfx8_2.4.0.201605112122.jar"/>
            <zipfileset dir="${dir.jarfile}/dist/lib" includes="sqljdbc42.jar"/>
            <zipfileset dir="${dir.jarfile}/dist/lib" includes="mysql-connector-java-5.1.44-bin.jar"/>
        </jar>
    </target>
</project>
