<?xml version = "1.0" encoding="UTF-8" standalone="yes"?>
<VFPData>
	<record>
		<platform>COMMENT</platform>
		<uniqueid>Screen</uniqueid>
		<timestamp>0</timestamp>
		<class/>
		<classloc/>
		<baseclass/>
		<objname/>
		<parent/>
		<properties/>
		<protected/>
		<methods/>
		<objcode/>
		<ole/>
		<ole2/>
		<reserved1>VERSION =   3.00</reserved1>
		<reserved2/>
		<reserved3/>
		<reserved4/>
		<reserved5/>
		<reserved6/>
		<reserved7/>
		<reserved8/>
		<user/>
	</record>
	<record>
		<platform>WINDOWS</platform>
		<uniqueid>_4EQ0WP9WK</uniqueid>
		<timestamp>1190951406</timestamp>
		<class>dataenvironment</class>
		<classloc/>
		<baseclass>dataenvironment</baseclass>
		<objname>Dataenvironment</objname>
		<parent/>
		<properties>Top = 0
Left = 0
Width = 0
Height = 0
DataSource = .NULL.
Name = "Dataenvironment"
</properties>
		<protected/>
		<methods/>
		<objcode/>
		<ole/>
		<ole2/>
		<reserved1/>
		<reserved2>1</reserved2>
		<reserved3/>
		<reserved4>1</reserved4>
		<reserved5/>
		<reserved6/>
		<reserved7/>
		<reserved8/>
		<user/>
	</record>
	<record>
		<platform>WINDOWS</platform>
		<uniqueid>_4EQ0WP9WL</uniqueid>
		<timestamp>1191381299</timestamp>
		<class>form</class>
		<classloc/>
		<baseclass>form</baseclass>
		<objname>_form1</objname>
		<parent/>
		<properties>Height = 599
Width = 984
DoCreate = .T.
AutoCenter = .T.
Caption = "Form"
AllowOutput = .F.
Name = "_form1"
</properties>
		<protected/>
		<methods/>
		<objcode/>
		<ole/>
		<ole2/>
		<reserved1/>
		<reserved2/>
		<reserved3/>
		<reserved4/>
		<reserved5/>
		<reserved6/>
		<reserved7/>
		<reserved8/>
		<user/>
	</record>
	<record>
		<platform>WINDOWS</platform>
		<uniqueid>_4EQ0WP9WK</uniqueid>
		<timestamp>1191381224</timestamp>
		<class>commandbutton</class>
		<classloc/>
		<baseclass>commandbutton</baseclass>
		<objname>Command2</objname>
		<parent>_form1</parent>
		<properties>Top = 564
Left = 768
Height = 27
Width = 96
Caption = "Async=TRUE"
Name = "Command2"
</properties>
		<protected/>
		<methods>PROCEDURE Click
*!* CHECK Thisform.winhttp1.ONRESPONSESTART, ONRESPONSEDATAVAILABLE, ONRESPONSEFINISHED

Local lcurl, lnsize

m.lcurl = 'http://javadl.sun.com/webapps/download/AutoDL?BundleId=107943'

*!* GET FILE SIZE

Thisform.winhttp1.Open('HEAD', m.lcurl)

Thisform.winhttp1.Send()

m.lnsize = Val(Thisform.winhttp1.GetResponseHeader('Content-Length'))

*!* ADD SOME PROPERTIES

Thisform.winhttp1.AddProperty('bytestotal', m.lnsize)
Thisform.winhttp1.AddProperty('bytesdone', 0)

*!* GET THE FILE

Thisform.winhttp1.Open('GET', m.lcurl, .T.)
Thisform.winhttp1.Send()



ENDPROC
</methods>
		<objcode/>
		<ole/>
		<ole2/>
		<reserved1/>
		<reserved2/>
		<reserved3/>
		<reserved4/>
		<reserved5/>
		<reserved6/>
		<reserved7/>
		<reserved8/>
		<user/>
	</record>
	<record>
		<platform>WINDOWS</platform>
		<uniqueid>_4EQ12RRZ7</uniqueid>
		<timestamp>1190993769</timestamp>
		<class>winhttp</class>
		<classloc>winhttp.vcx</classloc>
		<baseclass>custom</baseclass>
		<objname>Winhttp1</objname>
		<parent>_form1</parent>
		<properties>Top = 564
Left = 720
Name = "Winhttp1"
</properties>
		<protected/>
		<methods>PROCEDURE onresponsedataavailable
Lparameters pData

This.BytesDone = This.BytesDone + Len(m.pData)

Thisform.Caption = 'Total: ' + This._formatbytesize(This.BytesTotal) +  ' Done: ' + Transform(Round(100 * This.BytesDone / This.BytesTotal, 0)) + '%'

DoEvents

ENDPROC
PROCEDURE onresponsefinished
?'ONRESPONSEFINISHED'

ENDPROC
PROCEDURE onresponsestart
Lparameters pStatus, pContentType

?'ONRESPONSESTART', m.pStatus, m.pContentType, This._justfname(This.option_url)
ENDPROC
</methods>
		<objcode/>
		<ole/>
		<ole2/>
		<reserved1/>
		<reserved2/>
		<reserved3/>
		<reserved4/>
		<reserved5/>
		<reserved6/>
		<reserved7/>
		<reserved8/>
		<user/>
	</record>
	<record>
		<platform>WINDOWS</platform>
		<uniqueid>_4EW02EH9S</uniqueid>
		<timestamp>1191381299</timestamp>
		<class>commandbutton</class>
		<classloc/>
		<baseclass>commandbutton</baseclass>
		<objname>Command1</objname>
		<parent>_form1</parent>
		<properties>Top = 468
Left = 768
Height = 27
Width = 96
Caption = "Async=TRUE"
Name = "Command1"
</properties>
		<protected/>
		<methods>PROCEDURE Click
*!* CHECK Thisform.winhttp1.ONRESPONSESTART, ONRESPONSEDATAVAILABLE, ONRESPONSEFINISHED

Local lcurl, lnsize

m.lcurl = 'https://voat.co/'

*!* ADD SOME PROPERTIES

Thisform.winhttp1.AddProperty('bytestotal', m.lnsize)
Thisform.winhttp1.AddProperty('bytesdone', 0)

*!* GET THE FILE

Thisform.winhttp1.Open('GET', m.lcurl, .f.)
Thisform.winhttp1.Send()


_cliptext = Thisform.winhttp1.getallresponseheaders()

ENDPROC
</methods>
		<objcode/>
		<ole/>
		<ole2/>
		<reserved1/>
		<reserved2/>
		<reserved3/>
		<reserved4/>
		<reserved5/>
		<reserved6/>
		<reserved7/>
		<reserved8/>
		<user/>
	</record>
	<record>
		<platform>COMMENT</platform>
		<uniqueid>RESERVED</uniqueid>
		<timestamp>0</timestamp>
		<class/>
		<classloc/>
		<baseclass/>
		<objname/>
		<parent/>
		<properties>Arial, 0, 9, 5, 15, 12, 32, 3, 0
</properties>
		<protected/>
		<methods/>
		<objcode/>
		<ole/>
		<ole2/>
		<reserved1/>
		<reserved2/>
		<reserved3/>
		<reserved4/>
		<reserved5/>
		<reserved6/>
		<reserved7/>
		<reserved8/>
		<user/>
	</record>
</VFPData>
