{
  "builders": [
    {
      "boot_wait": "0s",
      "boot_command": [
          "<enter><tab><enter><tab><enter><tab>"
      ],
      "communicator": "winrm",
      "cpus": 6,
      "disk_size": "{{user `disk_size`}}",
      "enable_secure_boot": true,
      "enable_virtualization_extensions": false,
      "generation": 2,
      "guest_additions_mode": "disable",
      "iso_checksum": "{{user `iso_checksum`}}",
      "iso_checksum_type": "{{user `iso_checksum_type`}}",
      "iso_url": "{{user `iso_url`}}",
      "memory": 12288,
      "secondary_iso_images": [
        "./iso/windows_server_2019_unattend.iso"
      ],
      "shutdown_command": "e:/sysprep.bat",
      "switch_name": "{{user `hyperv_switchname`}}",
      "type": "hyperv-iso",
      "vm_name": "WindowsServer2019UEFI",
      "winrm_password": "vagrant",
      "winrm_timeout": "{{user `winrm_timeout`}}",
      "winrm_username": "vagrant"
    }
  ],
  "post-processors": [
    {
      "keep_input_artifact": false,
      "output": "windows_server_2019_uefi_{{.Provider}}.box",
      "type": "vagrant",
      "vagrantfile_template": "vagrantfile-windows_2019.template"
    }
  ],
  "provisioners": [
    {
      "execute_command": "{{ .Vars }} cmd /c \"{{ .Path }}\"",
      "scripts": [
        "./scripts/enable-rdp.bat"
      ],
      "type": "windows-shell"
    },
    {
      "restart_timeout": "{{user `restart_timeout`}}",
      "type": "windows-restart"
    },
    {
      "type": "windows-update",
      "filters": [
          "include:$_.Title -like '*Servicing Stack Update for Windows*'"
      ]
    },
    {
      "type": "windows-update"
    },
    {
      "execute_command": "{{ .Vars }} cmd /c \"{{ .Path }}\"",
      "scripts": [
        "./scripts/set-winrm-automatic.bat",
        "./scripts/compile-dotnet-assemblies.bat"
      ],
      "type": "windows-shell"
    }
  ],
  "variables": {
    "autounattend": "./answer_files/2019_uefi/Autounattend.xml",
    "disk_size": "61440",
    "disk_type_id": "1",
    "headless": "false",
    "iso_checksum": "221F9ACBC727297A56674A0F1722B8AC7B6E840B4E1FFBDD538A9ED0DA823562",
    "iso_checksum_type": "sha256",
    "iso_url": "./iso/17763.379.190312-0539.rs5_release_svc_refresh_SERVER_EVAL_x64FRE_en-us.ISO",
    "restart_timeout": "5m",
    "winrm_timeout": "20m"
  }
}

