{
  "builders": [
    {
      "boot_wait": "0s",
      "boot_command": [
          "<enter><tab><enter><tab><enter><tab>"
      ],
      "communicator": "winrm",
      "cpus": 6,
      "disk_size": "{{user `disk_size`}}",
      "enable_secure_boot": true,
      "enable_virtualization_extensions": false,
      "generation": 2,
      "guest_additions_mode": "disable",
      "iso_checksum": "{{user `iso_checksum`}}",
      "iso_checksum_type": "{{user `iso_checksum_type`}}",
      "iso_url": "{{user `iso_url`}}",
      "memory": 12288,
      "secondary_iso_images": [
        "./iso/windows_server_2012r2_unattend.iso"
      ],
      "shutdown_command": "e:/sysprep.bat",
      "switch_name": "{{user `hyperv_switchname`}}",
      "type": "hyperv-iso",
      "vm_name": "windows_2012_r2_uefi",
      "winrm_password": "vagrant",
      "winrm_timeout": "{{user `winrm_timeout`}}",
      "winrm_username": "vagrant"
    }
  ],
  "post-processors": [
    {
      "keep_input_artifact": false,
      "output": "windows_2012_r2_{{.Provider}}.box",
      "type": "vagrant",
      "vagrantfile_template": "vagrantfile-windows_2012_r2.template"
    }
  ],
  "provisioners": [
    {
      "scripts": [
        "./scripts/enable-rdp.bat"
      ],
      "type": "windows-shell"
    },
    {
      "restart_timeout": "{{user `restart_timeout`}}",
      "type": "windows-restart"
    },
    {
      "type": "windows-update",
      "filters": [
          "include:$_.Title -like '*Servicing Stack Update for Windows*'"
      ]
    },
    {
      "type": "windows-update"
    },
    {
      "execute_command": "{{ .Vars }} cmd /c \"{{ .Path }}\"",
      "scripts": [
        "./scripts/set-winrm-automatic.bat",
        "./scripts/compile-dotnet-assemblies.bat"
      ],
      "type": "windows-shell"
    }
  ],
  "variables": {
    "autounattend": "./sysprep_answer_files/2012r2_uefi/Autounattend.xml",
    "disk_size": "61440",
    "disk_type_id": "1",
    "headless": "true",
    "hyperv_switchname": "{{env `hyperv_switchname`}}",
    "iso_checksum": "6612B5B1F53E845AACDF96E974BB119A3D9B4DCB5B82E65804AB7E534DC7B4D5",
    "iso_checksum_type": "sha256",
    "iso_url": "./iso/9600.17050.WINBLUE_REFRESH.140317-1640_X64FRE_SERVER_EVAL_EN-US-IR3_SSS_X64FREE_EN-US_DV9.iso",
    "restart_timeout": "5m",
    "winrm_timeout": "20m"
  }
}

