{
  "metadata": {
    "id": "fcb648ec-57c1-48f9-a40f-d3e81de7b8de",
    "name": "Team Collapsed"
  },
  "whitespace": {
    "wrapLongLines": false,
    "newLines": {
      "preserveExistingEmptyLinesAfterBatchSeparator": false
    }
  },
  "lists": {
    "placeFirstItemOnNewLine": "always",
    "alignSubsequentItemsWithFirstItem": false,
    "alignItemsAcrossClauses": false,
    "alignComments": true
  },
  "parentheses": {
    "parenthesisStyle": "expandedToStatement",
    "indentParenthesesContents": true,
    "collapseParenthesesShorterThan": 75
  },
  "casing": {
    "reservedKeywords": "uppercase",
    "builtInFunctions": "uppercase",
    "builtInDataTypes": "lowercase",
    "globalVariables": "uppercase",
    "useObjectDefinitionCase": true
  },
  "dml": {
    "addNewLineAfterDistinctAndTopClauses": true,
    "collapseShortStatements": true,
    "collapseStatementsShorterThan": 78,
    "collapseShortSubqueries": true,
    "collapseSubqueriesShorterThan": 120
  },
  "ddl": {
    "parenthesisStyle": "expandedToStatement",
    "indentParenthesesContents": true,
    "placeConstraintColumnsOnNewLines": "ifLongerOrMultipleColumns",
    "collapseShortStatements": true,
    "collapseStatementsShorterThan": 75
  },
  "controlFlow": {
    "collapseStatementsShorterThan": 78
  },
  "variables": {
    "alignDataTypesAndValues": false,
    "placeEqualsSignOnNewLine": true
  },
  "joinStatements": {
    "join": {
      "indentJoinTable": false
    },
    "on": {
      "keywordAlignment": "indented"
    }
  },
  "insertStatements": {
    "values": {
      "parenthesisStyle": "expandedSplit",
      "indentContents": true,
      "placeSubsequentValuesOnNewLines": "always"
    }
  },
  "caseExpressions": {
    "collapseCaseExpressionsShorterThan": 75
  },
  "operators": {
    "andOr": {},
    "between": {
      "placeOnNewLine": false
    },
    "in": {
      "placeFirstValueOnNewLine": "never",
      "placeSubsequentValuesOnNewLines": "never"
    }
  }
}