{
  "metadata": {
    "id": "6d4cd025-b548-497f-bf21-3d5c64111b1f",
    "name": "Team Expanded"
  },
  "whitespace": {
    "wrapLongLines": false
  },
  "lists": {
    "placeFirstItemOnNewLine": "always",
    "alignSubsequentItemsWithFirstItem": false,
    "alignItemsAcrossClauses": false,
    "alignAliases": true,
    "alignComments": true,
    "placeCommasBeforeItems": true,
    "addSpaceAfterComma": false
  },
  "parentheses": {
    "parenthesisStyle": "expandedSplit",
    "indentParenthesesContents": true,
    "collapseShortParenthesisContents": true,
    "collapseParenthesesShorterThan": 78
  },
  "casing": {
    "reservedKeywords": "uppercase",
    "builtInFunctions": "uppercase",
    "builtInDataTypes": "lowercase",
    "useObjectDefinitionCase": true
  },
  "dml": {
    "addNewLineAfterDistinctAndTopClauses": true,
    "collapseShortStatements": true,
    "collapseStatementsShorterThan": 78,
    "collapseShortSubqueries": true,
    "collapseSubqueriesShorterThan": 78,
    "listItems": {
      "placeFromTableOnNewLine": "always",
      "placeWhereConditionOnNewLine": "always",
      "placeGroupByAndOrderByOnNewLine": "always"
    }
  },
  "ddl": {
    "parenthesisStyle": "expandedSplit",
    "indentParenthesesContents": true,
    "alignDataTypesAndConstraints": true,
    "placeConstraintColumnsOnNewLines": "ifLongerOrMultipleColumns",
    "indentClauses": true,
    "placeFirstProcedureParameterOnNewLine": "always",
    "collapseShortStatements": true,
    "collapseStatementsShorterThan": 100
  },
  "controlFlow": {
    "indentBeginAndEndKeywords": true,
    "collapseStatementsShorterThan": 120
  },
  "cte": {
    "parenthesisStyle": "expandedSplit",
    "indentContents": true,
    "placeColumnsOnNewLine": true,
    "columnAlignment": "indented",
    "asAlignment": "rightAligned"
  },
  "variables": {
    "placeAssignedValueOnNewLineIfLongerThanMaxLineLength": false
  },
  "joinStatements": {
    "join": {
      "keywordAlignment": "toTable",
      "indentJoinTable": false
    },
    "on": {
      "keywordAlignment": "indented"
    }
  },
  "insertStatements": {
    "columns": {
      "parenthesisStyle": "expandedSplit"
    },
    "values": {
      "parenthesisStyle": "compactRightAligned",
      "indentContents": true,
      "placeSubsequentValuesOnNewLines": "always"
    }
  },
  "caseExpressions": {
    "placeExpressionOnNewLine": false,
    "placeFirstWhenOnNewLine": "ifInputExpression",
    "placeThenOnNewLine": true,
    "collapseShortCaseExpressions": true,
    "collapseCaseExpressionsShorterThan": 100
  },
  "operators": {
    "comparison": {
      "align": true
    },
    "andOr": {},
    "between": {
      "placeOnNewLine": false
    },
    "in": {
      "placeFirstValueOnNewLine": "ifLongerThanMaxLineLength"
    }
  }
}