{
  "builders": [
    {
      "accelerator": "{{ user `accelerator` }}",
      "boot_wait": "20s",
      "communicator": "winrm",
      "cpus": "{{ user `cpus`}}",
      "disk_compression": "true",
      "disk_interface": "virtio",
      "disk_size": "{{user `disk_size`}}",
      "floppy_files": [
        "{{user `autounattend`}}",
        "./scripts/fixnetwork.ps1",
        "./scripts/microsoft-updates.bat",
        "./scripts/win-updates.ps1",
        "./scripts/install-choco.ps1",
        "./scripts/install-misc.bat",
        "./scripts/redhat-cert.cer",
        "./scripts/redhat-cert-old.cer",
        "./scripts/enable-winrm.ps1",
        "./answer_files/Firstboot/Firstboot-Autounattend.xml",
        "./drivers/"
      ],
      "format": "qcow2",
      "headless": "{{user `headless`}}",
      "iso_checksum": "{{user `iso_checksum_type`}}:{{user `iso_checksum`}}",
      "iso_url": "{{user `iso_url`}}",
      "memory": "{{ user `memory_size`}}",
      "net_device": "virtio-net",
      "qemuargs": [
        [
          "-vga",
          "qxl"
        ]
      ],
      "shutdown_command": "{{ user `shutdown_command` }}",
      "type": "qemu",
      "winrm_insecure": "true",
      "winrm_password": "vagrant",
      "winrm_timeout": "120m",
      "winrm_use_ssl": "true",
      "winrm_username": "vagrant"
    }
  ],
  "post-processors": [
    {
      "keep_input_artifact": true,
      "output": "builds/{{user `vm_name`}}.box",
      "type": "vagrant",
      "vagrantfile_template": "Vagrantfile-windows.template"
    }
  ],
  "provisioners": [
    {
      "execute_command": "{{.Vars}} cmd /c C:/Windows/Temp/script.bat",
      "remote_path": "c:/Windows/Temp/script.bat",
      "scripts": [
        "./scripts/disable-auto-logon.bat",
        "./scripts/enable-rdp.bat",
        "./scripts/compile-dotnet-assemblies.bat",
        "./scripts/install-misc.bat",
        "./scripts/compact.bat"
      ],
      "type": "windows-shell"
    }
  ],
  "variables": {
    "accelerator": "kvm",
    "autounattend": "./answer_files/10/Autounattend.xml",
    "cpus": "4",
    "disk_size": "61440",
    "headless": "true",
    "iso_checksum": "743fc483bb8bf1901c0534a0ae15208a5a72a3c5",
    "iso_checksum_type": "sha1",
    "iso_url": "https://software-download.microsoft.com/download/pr/18362.30.190401-1528.19h1_release_svc_refresh_CLIENTENTERPRISEEVAL_OEMRET_x64FRE_en-us.iso",
    "memory_size": "4096",
    "shutdown_command": "%WINDIR%/system32/sysprep/sysprep.exe /generalize /oobe /shutdown /unattend:C:/Windows/Temp/Autounattend.xml",
    "vm_name": "windows_10"
  }
}

