<?xml version="1.0"?>
<info xmlns:xsi= "http://www.w3.org/2001/XMLSchema-instance"
      xsi:noNamespaceSchemaLocation="https://apps.nextcloud.com/schema/apps/info.xsd">
    <id>user_backend_sql_raw</id>
    <name>User Backend Using Raw SQL</name>
    <summary>User management and authentication through arbitrary SQL queries</summary>
    <description><![CDATA[
This app allows you to do user management against a SQL database using arbitrary SQL queries, enabling you to use any SQL db schema.

You can authenticate, create, delete users, change their password or display name, basically do (almost) everything that Nextcloud can do with users.

In contrast to the app *SQL user backend*, you write the SQL queries yourself. You are not limited by assumptions that app authors made about how your db is structured.

The app uses prepared statements and is written to be secure by default to prevent SQL injections. It understands the most popular standards for password hash formats: MD5-CRYPT, SHA256-CRYPT, SHA512-CRYPT, BCrypt and the state-of-the-art Argon2i and Argon2id. Because the various formats are recognized on-the-fly your db can can have differing hash string formats at the same time, which eases migration to newer formats.

This app supports PostgreSQL and MariaDB/MySQL.]]></description>
    <version>1.3.0</version>
    <licence>agpl</licence>
    <author mail="dev@abelonline.de" >Alexey Abel</author>
    <namespace>UserBackendSqlRaw</namespace>
    <types>
        <prelogin/>
        <authentication/>
    </types>
    <documentation>
        <admin>https://github.com/PanCakeConnaisseur/user_backend_sql_raw/blob/master/README.md</admin>
    </documentation>
    <category>security</category>
	<discussion>https://help.nextcloud.com/c/apps/user-backend-sql-raw/138</discussion>
    <bugs>https://github.com/PanCakeConnaisseur/user_backend_sql_raw/issues</bugs>
    <repository type="git">https://github.com/PanCakeConnaisseur/user_backend_sql_raw</repository>
    <screenshot small-thumbnail="https://raw.githubusercontent.com/PanCakeConnaisseur/user_backend_sql_raw/2eb5221f0725a9ab09fde6384dea62463c7c52e5/screenshot-dark-small.jpg">https://raw.githubusercontent.com/PanCakeConnaisseur/user_backend_sql_raw/2eb5221f0725a9ab09fde6384dea62463c7c52e5/screenshot-dark-large.jpg</screenshot>
    <dependencies>
        <nextcloud min-version="20" max-version="24"/>
    </dependencies>
</info>
