{
    // idea from https://github.com/microsoft/vscode-dev-containers/blob/main/containers/java/.devcontainer/devcontainer.json
	"name": "SonarQube plugin",
	"build": {
		"dockerfile": "Dockerfile",
        "args": {
            "VARIANT": "16",
            "MAVEN_VERSION": "3.8.1",
            "INSTALL_MAVEN": "true",
            "INSTALL_GRADLE": "false",
            "GRADLE_VERSION": ""
         }
	},

	// Set *default* container specific settings.json values on container create.
	"settings": { 
		"java.home": "/docker-java-home"
	},
	
	// Add the IDs of extensions you want installed when the container is created.
	"extensions": [
		"vscjava.vscode-java-pack"
	],

	// Use 'forwardPorts' to make a list of ports inside the container available locally.
	// "forwardPorts": [],

	// Use 'postCreateCommand' to run commands after the container is created.
	// "postCreateCommand": "java -version",

	// Comment out connect as root instead. More info: https://aka.ms/vscode-remote/containers/non-root.
	"remoteUser": "vscode"
}