{"name":"Servicio al Cliente","created":"2017-03-15T17:10:47.033Z","intents":[{"intent":"Accesorios","created":"2017-03-16T17:47:52.101Z","updated":"2017-03-16T17:47:52.101Z","examples":[{"text":"Que accesorios pueden ofrecerme","created":"2017-03-16T17:47:52.101Z","updated":"2017-03-16T17:47:52.101Z"},{"text":"Que accesorios tienen","created":"2017-03-16T17:47:52.101Z","updated":"2017-03-16T17:47:52.101Z"},{"text":"Que le puedo añadir a mi auto","created":"2017-03-16T17:47:52.101Z","updated":"2017-03-16T17:47:52.101Z"},{"text":"Que le puedo añadir a mi carro","created":"2017-03-16T17:47:52.101Z","updated":"2017-03-16T17:47:52.101Z"},{"text":"Que le puedo añadir a mi coche","created":"2017-03-16T17:47:52.101Z","updated":"2017-03-16T17:47:52.101Z"}],"description":null},{"intent":"Auto","created":"2017-03-16T15:22:33.954Z","updated":"2017-03-16T19:10:23.980Z","examples":[{"text":"Cual es este auto","created":"2017-03-16T15:28:52.536Z","updated":"2017-03-16T15:28:52.536Z"},{"text":"Cual es este automovil","created":"2017-03-16T15:29:01.688Z","updated":"2017-03-16T15:29:01.688Z"},{"text":"Que autos manejan","created":"2017-03-16T19:10:23.980Z","updated":"2017-03-16T19:10:23.980Z"},{"text":"Que autos tienen","created":"2017-03-16T19:09:35.747Z","updated":"2017-03-16T19:09:35.747Z"},{"text":"Que modelo es este auto","created":"2017-03-16T15:27:09.002Z","updated":"2017-03-16T15:27:09.002Z"},{"text":"Que modelo es este automóvil","created":"2017-03-16T15:30:08.379Z","updated":"2017-03-16T15:30:08.379Z"}],"description":null},{"intent":"Carro2","created":"2017-03-22T17:35:03.633Z","updated":"2017-03-22T17:38:31.087Z","examples":[{"text":"Munstan","created":"2017-03-22T17:38:31.087Z","updated":"2017-03-22T17:38:31.087Z"},{"text":"Mustang","created":"2017-03-22T17:38:22.672Z","updated":"2017-03-22T17:38:22.672Z"},{"text":"Spark","created":"2017-03-22T17:38:02.749Z","updated":"2017-03-22T17:38:02.749Z"},{"text":"Sparq","created":"2017-03-22T17:38:10.689Z","updated":"2017-03-22T17:38:10.689Z"},{"text":"Suru","created":"2017-03-22T17:37:56.432Z","updated":"2017-03-22T17:37:56.432Z"},{"text":"Tsuru","created":"2017-03-22T17:37:49.819Z","updated":"2017-03-22T17:37:49.819Z"},{"text":"Tzuru","created":"2017-03-22T17:37:39.282Z","updated":"2017-03-22T17:37:39.282Z"}],"description":null},{"intent":"Carros","created":"2017-03-22T16:17:46.513Z","updated":"2017-03-22T16:19:44.230Z","examples":[{"text":"2","created":"2017-03-22T16:19:44.230Z","updated":"2017-03-22T16:19:44.230Z"},{"text":"Carros","created":"2017-03-22T16:19:40.731Z","updated":"2017-03-22T16:19:40.731Z"}],"description":null},{"intent":"Coche","created":"2017-03-16T15:22:37.131Z","updated":"2017-03-16T19:10:09.850Z","examples":[{"text":"Cual es este coche","created":"2017-03-16T15:30:16.886Z","updated":"2017-03-16T15:30:16.886Z"},{"text":"Que coches manejan","created":"2017-03-16T19:10:09.850Z","updated":"2017-03-16T19:10:09.850Z"},{"text":"Que coches tienen","created":"2017-03-16T19:09:50.639Z","updated":"2017-03-16T19:09:50.639Z"},{"text":"Que modelo es este coche","created":"2017-03-16T15:26:45.112Z","updated":"2017-03-16T15:26:45.112Z"}],"description":null},{"intent":"Costos","created":"2017-03-17T15:25:19.951Z","updated":"2017-03-17T15:33:30.917Z","examples":[{"text":"Cuales son los costos","created":"2017-03-17T15:25:19.951Z","updated":"2017-03-17T15:25:19.951Z"},{"text":"Cuales son los precios","created":"2017-03-17T15:25:19.951Z","updated":"2017-03-17T15:25:19.951Z"},{"text":"Cuanto me costaria","created":"2017-03-17T15:25:19.951Z","updated":"2017-03-17T15:25:19.951Z"},{"text":"Cuanto tendría que pagar","created":"2017-03-17T15:33:10.832Z","updated":"2017-03-17T15:33:10.832Z"},{"text":"El costo seria","created":"2017-03-17T15:33:30.917Z","updated":"2017-03-17T15:33:30.917Z"}],"description":null},{"intent":"Cotizaciones","created":"2017-03-22T16:21:18.976Z","updated":"2017-03-22T16:22:05.945Z","examples":[{"text":"3","created":"2017-03-22T16:21:29.171Z","updated":"2017-03-22T16:21:29.171Z"},{"text":"Cotisaciones","created":"2017-03-22T16:21:54.988Z","updated":"2017-03-22T16:21:54.988Z"},{"text":"Cotisasiones","created":"2017-03-22T16:22:05.945Z","updated":"2017-03-22T16:22:05.945Z"},{"text":"Cotizaciones","created":"2017-03-22T16:21:45.770Z","updated":"2017-03-22T16:21:45.770Z"}],"description":null},{"intent":"Despedida","created":"2017-03-15T17:17:25.811Z","updated":"2017-03-22T17:00:28.671Z","examples":[{"text":"Adios","created":"2017-03-15T17:17:25.811Z","updated":"2017-03-15T17:17:25.811Z"},{"text":"adioz","created":"2017-03-22T17:00:28.671Z","updated":"2017-03-22T17:00:28.671Z"},{"text":"Bye","created":"2017-03-15T17:17:25.811Z","updated":"2017-03-15T17:17:25.811Z"},{"text":"Chao","created":"2017-03-15T17:17:25.811Z","updated":"2017-03-15T17:17:25.811Z"},{"text":"Hasta luego","created":"2017-03-15T17:17:25.811Z","updated":"2017-03-15T17:17:25.811Z"}],"description":null},{"intent":"Día","created":"2017-03-16T15:31:58.403Z","updated":"2017-03-17T16:41:45.774Z","examples":[{"text":"Buen Dia","created":"2017-03-17T15:34:52.129Z","updated":"2017-03-17T15:34:52.129Z"},{"text":"Buen día","created":"2017-03-17T15:35:06.022Z","updated":"2017-03-17T15:35:06.022Z"},{"text":"Buenos dias","created":"2017-03-16T15:32:35.294Z","updated":"2017-03-16T15:32:35.294Z"},{"text":"Buenos días","created":"2017-03-16T15:31:58.403Z","updated":"2017-03-16T15:31:58.403Z"},{"text":"Hola Buenos Dias","created":"2017-03-17T16:41:45.774Z","updated":"2017-03-17T16:41:45.774Z"}],"description":null},{"intent":"Dudas","created":"2017-03-16T15:26:23.137Z","updated":"2017-03-22T15:37:15.710Z","examples":[{"text":"Podria ayudarme","created":"2017-03-16T15:26:23.137Z","updated":"2017-03-16T15:26:23.137Z"},{"text":"Podria resolver mi duda","created":"2017-03-16T15:26:23.137Z","updated":"2017-03-16T15:26:23.137Z"},{"text":"Tengo una duda","created":"2017-03-16T15:26:23.137Z","updated":"2017-03-16T15:26:23.137Z"},{"text":"Tengo una pregunta","created":"2017-03-16T15:26:23.137Z","updated":"2017-03-16T15:26:23.137Z"}],"description":null},{"intent":"Email","created":"2017-03-16T15:48:37.501Z","updated":"2017-03-16T15:52:19.696Z","examples":[{"text":"Correo","created":"2017-03-16T15:50:37.843Z","updated":"2017-03-16T15:50:37.843Z"},{"text":"Correo electronico","created":"2017-03-16T15:50:31.562Z","updated":"2017-03-16T15:50:31.562Z"},{"text":"Cual es el correo","created":"2017-03-16T15:52:19.696Z","updated":"2017-03-16T15:52:19.696Z"},{"text":"Cual es su correo","created":"2017-03-16T15:50:12.138Z","updated":"2017-03-16T15:50:12.138Z"},{"text":"Cual es su correo electronico","created":"2017-03-16T15:50:22.090Z","updated":"2017-03-16T15:50:22.090Z"},{"text":"Donde los puedo contactar","created":"2017-03-16T15:50:57.479Z","updated":"2017-03-16T15:50:57.479Z"}],"description":null},{"intent":"Empresa","created":"2017-03-22T16:12:28.114Z","updated":"2017-03-22T16:19:18.899Z","examples":[{"text":"1","created":"2017-03-22T16:19:12.388Z","updated":"2017-03-22T16:19:12.388Z"},{"text":"Empresa","created":"2017-03-22T16:19:18.899Z","updated":"2017-03-22T16:19:18.899Z"}],"description":null},{"intent":"FacilPago","created":"2017-03-16T18:07:34.649Z","updated":"2017-03-16T18:07:34.649Z","examples":[{"text":"Que facilidades de pago tienen","created":"2017-03-16T18:07:34.649Z","updated":"2017-03-16T18:07:34.649Z"}],"description":null},{"intent":"Gracias","created":"2017-03-17T17:10:57.281Z","updated":"2017-03-17T17:10:57.281Z","examples":[{"text":"Fue de gran utilidad su ayuda, gracias","created":"2017-03-17T17:10:57.281Z","updated":"2017-03-17T17:10:57.281Z"},{"text":"Gracias por la informacion","created":"2017-03-17T17:10:57.281Z","updated":"2017-03-17T17:10:57.281Z"},{"text":"Gracias por la información","created":"2017-03-17T17:10:57.281Z","updated":"2017-03-17T17:10:57.281Z"},{"text":"Gracias por su ayuda","created":"2017-03-17T17:10:57.281Z","updated":"2017-03-17T17:10:57.281Z"}],"description":null},{"intent":"Informacion","created":"2017-03-22T15:40:35.896Z","updated":"2017-03-22T15:40:35.896Z","examples":[{"text":"Dame informacion","created":"2017-03-22T15:40:35.896Z","updated":"2017-03-22T15:40:35.896Z"},{"text":"Informacion","created":"2017-03-22T15:40:35.896Z","updated":"2017-03-22T15:40:35.896Z"},{"text":"Podrías darme información","created":"2017-03-22T15:40:35.896Z","updated":"2017-03-22T15:40:35.896Z"}],"description":null},{"intent":"Inicio","created":"2017-03-15T17:12:23.410Z","updated":"2017-03-22T17:00:41.389Z","examples":[{"text":"Hola","created":"2017-03-15T17:13:28.982Z","updated":"2017-03-15T17:13:28.982Z"},{"text":"Hola?","created":"2017-03-15T17:14:41.141Z","updated":"2017-03-15T17:14:41.141Z"},{"text":"ola","created":"2017-03-22T17:00:41.389Z","updated":"2017-03-22T17:00:41.389Z"}],"description":null},{"intent":"Motor","created":"2017-03-16T15:22:08.804Z","updated":"2017-03-16T15:36:22.106Z","examples":[{"text":"Cual es el motor de este modelo","created":"2017-03-16T15:28:08.048Z","updated":"2017-03-16T15:28:08.048Z"},{"text":"Cuales son los motores","created":"2017-03-16T15:36:10.650Z","updated":"2017-03-16T15:36:10.650Z"},{"text":"Cuantos caballos de fuerza tiene el carro","created":"2017-03-16T15:28:30.450Z","updated":"2017-03-16T15:28:30.450Z"},{"text":"Que motor es el mejor","created":"2017-03-16T15:36:22.106Z","updated":"2017-03-16T15:36:22.106Z"}],"description":null},{"intent":"Noche","created":"2017-03-16T15:33:32.293Z","updated":"2017-03-16T15:33:32.293Z","examples":[{"text":"Buenas Noches","created":"2017-03-16T15:33:32.293Z","updated":"2017-03-16T15:33:32.293Z"}],"description":null},{"intent":"Ofertas","created":"2017-03-16T18:00:49.878Z","updated":"2017-03-16T18:05:09.685Z","examples":[{"text":"Que ofertas tienen","created":"2017-03-16T18:01:29.363Z","updated":"2017-03-16T18:01:29.363Z"},{"text":"Que promociones tienen","created":"2017-03-16T18:01:41.798Z","updated":"2017-03-16T18:01:41.798Z"},{"text":"Tienen descuentos","created":"2017-03-16T18:05:09.685Z","updated":"2017-03-16T18:05:09.685Z"}],"description":null},{"intent":"Pagos","created":"2017-03-16T18:07:10.953Z","updated":"2017-03-16T18:07:10.953Z","examples":[{"text":"Como puedo pagar","created":"2017-03-16T18:07:10.953Z","updated":"2017-03-16T18:07:10.953Z"},{"text":"Que forma de pago tienen","created":"2017-03-16T18:07:10.953Z","updated":"2017-03-16T18:07:10.953Z"}],"description":null},{"intent":"Precio","created":"2017-03-16T15:21:43.939Z","updated":"2017-03-16T15:27:53.239Z","examples":[{"text":"Cual es el precio de este auto","created":"2017-03-16T15:27:25.437Z","updated":"2017-03-16T15:27:25.437Z"},{"text":"Cual es el precio de este automóvil","created":"2017-03-16T15:27:53.239Z","updated":"2017-03-16T15:27:53.239Z"},{"text":"Cual es el precio de este coche","created":"2017-03-16T15:27:35.815Z","updated":"2017-03-16T15:27:35.815Z"}],"description":null},{"intent":"Tarde","created":"2017-03-16T15:33:08.787Z","updated":"2017-03-17T16:42:01.328Z","examples":[{"text":"Buenas Tardes","created":"2017-03-16T15:33:08.787Z","updated":"2017-03-16T15:33:08.787Z"},{"text":"Hola Buenas Tardes","created":"2017-03-17T16:42:01.328Z","updated":"2017-03-17T16:42:01.328Z"}],"description":null},{"intent":"Telefono","created":"2017-03-16T15:21:24.603Z","updated":"2017-03-16T15:52:05.580Z","examples":[{"text":"Cual es el telefono","created":"2017-03-16T15:52:05.580Z","updated":"2017-03-16T15:52:05.580Z"},{"text":"Donde los podria contactar","created":"2017-03-16T15:23:31.705Z","updated":"2017-03-16T15:23:31.705Z"},{"text":"Podria darme los telefonos","created":"2017-03-16T15:23:14.466Z","updated":"2017-03-16T15:23:14.466Z"},{"text":"Podría darme los telefonos","created":"2017-03-16T15:23:46.593Z","updated":"2017-03-16T15:23:46.593Z"}],"description":null},{"intent":"Ubicación","created":"2017-03-17T15:44:05.127Z","updated":"2017-03-17T16:43:25.082Z","examples":[{"text":"Cual es su dirección","created":"2017-03-17T15:44:05.127Z","updated":"2017-03-17T15:44:05.127Z"},{"text":"Cual es su ubicacion","created":"2017-03-17T16:43:25.082Z","updated":"2017-03-17T16:43:25.082Z"},{"text":"Cual es su ubicación","created":"2017-03-17T15:44:05.127Z","updated":"2017-03-17T15:44:05.127Z"},{"text":"Donde estan ubicados","created":"2017-03-17T15:44:05.127Z","updated":"2017-03-17T15:44:05.127Z"},{"text":"Paseme su direccion","created":"2017-03-17T16:00:41.108Z","updated":"2017-03-17T16:00:41.108Z"},{"text":"Paseme su ubicación","created":"2017-03-17T16:00:58.660Z","updated":"2017-03-17T16:00:58.660Z"},{"text":"Podria pasarme su direccion","created":"2017-03-17T16:01:52.910Z","updated":"2017-03-17T16:01:52.910Z"},{"text":"Podría pasarme su ubicación","created":"2017-03-17T16:02:22.214Z","updated":"2017-03-17T16:02:22.214Z"}],"description":null}],"updated":"2017-03-23T15:19:07.090Z","entities":[{"type":null,"entity":"sys-date","source":"system.entities","values":[],"created":"2017-03-16T18:13:43.290Z","updated":"2017-03-16T18:13:43.290Z","open_list":false,"description":null},{"type":null,"entity":"sys-time","source":"system.entities","values":[],"created":"2017-03-16T18:13:38.390Z","updated":"2017-03-16T18:13:38.390Z","open_list":false,"description":null}],"language":"es","metadata":null,"description":"Venta, Reparaciones, Catalogos,","dialog_nodes":[{"go_to":null,"output":{},"parent":null,"context":null,"created":"2017-03-15T17:34:10.400Z","updated":"2017-03-22T23:49:08.125Z","metadata":null,"conditions":"#Inicio","description":null,"dialog_node":"Introducción","previous_sibling":null},{"go_to":null,"output":{"text":{"values":["Buenas Noches"],"selection_policy":"sequential"}},"parent":"Introducción","context":null,"created":"2017-03-16T15:34:32.914Z","updated":"2017-03-16T15:35:07.535Z","metadata":null,"conditions":"#Noche","description":null,"dialog_node":"Saludo Nocturno","previous_sibling":"Saludo Vespertino"},{"go_to":null,"output":{"text":{"values":["Buenas Tardes"],"selection_policy":"sequential"}},"parent":"Introducción","context":null,"created":"2017-03-16T15:34:08.463Z","updated":"2017-03-16T15:34:27.051Z","metadata":null,"conditions":"#Tarde","description":null,"dialog_node":"Saludo Vespertino","previous_sibling":"Saludo Matutino"},{"go_to":null,"output":{"text":{"values":["Buenos Días"],"selection_policy":"sequential"}},"parent":"Introducción","context":null,"created":"2017-03-16T15:33:39.286Z","updated":"2017-03-16T15:34:03.665Z","metadata":null,"conditions":"#Día","description":null,"dialog_node":"Saludo Matutino","previous_sibling":null},{"go_to":null,"output":{"text":{"values":["Cual es su duda"],"selection_policy":"sequential"}},"parent":null,"context":null,"created":"2017-03-15T17:34:31.940Z","updated":"2017-03-17T17:00:25.523Z","metadata":null,"conditions":"#Dudas","description":null,"dialog_node":"Dudas","previous_sibling":"Introducción"},{"go_to":null,"output":{"text":{"values":["De cuál carro de la cotización"],"selection_policy":"sequential"}},"parent":"Informacion","context":null,"created":"2017-03-22T16:20:29.036Z","updated":"2017-03-22T16:53:37.868Z","metadata":null,"conditions":"#Cotizaciones","description":null,"dialog_node":"Cotizaciones","previous_sibling":"Carros"},{"go_to":null,"output":{"text":{"values":["De que carro le gustaría la cotizacíon"],"selection_policy":"sequential"}},"parent":null,"context":null,"created":"2017-03-23T15:05:13.713Z","updated":"2017-03-23T15:13:46.722Z","metadata":null,"conditions":"#Cotizaciones","description":null,"dialog_node":"Cotización Directa","previous_sibling":"Despedida"},{"go_to":null,"output":{"text":{"values":["Esta es la cotización de ese carro"],"selection_policy":"sequential"}},"parent":"Cotización Directa","context":null,"created":"2017-03-23T15:15:00.019Z","updated":"2017-03-23T15:19:07.090Z","metadata":null,"conditions":"#Carro2","description":null,"dialog_node":"Cotización secundaria","previous_sibling":null},{"go_to":null,"output":{"text":{"values":["Esta es la cotización para ese carro"],"selection_policy":"sequential"}},"parent":"Cotizaciones","context":null,"created":"2017-03-22T17:35:33.811Z","updated":"2017-03-22T17:36:58.966Z","metadata":null,"conditions":"#Carro2","description":null,"dialog_node":"Precio de carro","previous_sibling":null},{"go_to":null,"output":{"text":{"values":["Estas son las ofertas y descuentos que tenemos por el momento"],"selection_policy":"sequential"}},"parent":null,"context":null,"created":"2017-03-16T17:57:31.064Z","updated":"2017-03-16T18:08:01.312Z","metadata":null,"conditions":"#Ofertas","description":null,"dialog_node":"Extras2","previous_sibling":"Extras1"},{"go_to":null,"output":{"text":{"values":["Estas son nuestras facilidades de pago"],"selection_policy":"sequential"}},"parent":null,"context":null,"created":"2017-03-16T18:11:48.544Z","updated":"2017-03-16T18:12:16.638Z","metadata":null,"conditions":"#FacilPago","description":null,"dialog_node":"node_22_1489687908409","previous_sibling":"Pago"},{"go_to":null,"output":{"text":{"values":["Este es nuestro catalogo de carros"],"selection_policy":"sequential"}},"parent":null,"context":null,"created":"2017-03-16T15:46:50.619Z","updated":"2017-03-16T15:47:19.590Z","metadata":null,"conditions":"#Auto","description":null,"dialog_node":"Autos","previous_sibling":"Motores"},{"go_to":null,"output":{"text":{"values":["Este es nuestro catálogo de carros"],"selection_policy":"sequential"}},"parent":null,"context":null,"created":"2017-03-16T15:47:21.456Z","updated":"2017-03-16T15:47:53.391Z","metadata":null,"conditions":"#Coche","description":null,"dialog_node":"Autos2","previous_sibling":"Autos"},{"go_to":null,"output":{"text":{"values":["Este es nuestro correo:dudas@gmail.com"],"selection_policy":"sequential"}},"parent":null,"context":null,"created":"2017-03-16T15:54:18.488Z","updated":"2017-03-17T17:30:41.071Z","metadata":null,"conditions":"#Email","description":null,"dialog_node":"Contacto2","previous_sibling":"Direccion"},{"go_to":null,"output":{"text":{"values":["Esto es lo que contiene ese carro"],"selection_policy":"sequential"}},"parent":"Carros","context":null,"created":"2017-03-22T17:34:39.320Z","updated":"2017-03-22T17:35:21.197Z","metadata":null,"conditions":"#Carro2","description":null,"dialog_node":"Tipo de auto","previous_sibling":null},{"go_to":null,"output":{"text":{"values":["Estos son nuestros métodos de pago 1.-... 2.-...3.-..."],"selection_policy":"sequential"}},"parent":null,"context":null,"created":"2017-03-16T18:08:03.738Z","updated":"2017-03-16T18:09:07.125Z","metadata":null,"conditions":"#Pagos","description":null,"dialog_node":"Pago","previous_sibling":"Costo"},{"go_to":null,"output":{"text":{"values":["Estos son nuestros teléfonos: 0123-456-789"],"selection_policy":"sequential"}},"parent":null,"context":null,"created":"2017-03-16T15:48:00.772Z","updated":"2017-03-17T17:30:12.842Z","metadata":null,"conditions":"#Telefono","description":null,"dialog_node":"Contacto","previous_sibling":"node_22_1489687908409"},{"go_to":null,"output":{"text":{"values":["Nombre de la empresa, Info de la empresa"],"selection_policy":"sequential"}},"parent":"Informacion","context":null,"created":"2017-03-22T16:11:44.793Z","updated":"2017-03-22T16:16:54.427Z","metadata":null,"conditions":"#Empresa","description":null,"dialog_node":"Empresa","previous_sibling":null},{"go_to":null,"output":{"text":{"values":["Nuestro catalogo de motores"],"selection_policy":"sequential"}},"parent":null,"context":null,"created":"2017-03-16T15:46:01.930Z","updated":"2017-03-16T15:46:31.792Z","metadata":null,"conditions":"#Motor","description":null,"dialog_node":"Motores","previous_sibling":"Cotización Directa"},{"go_to":null,"output":{"text":{"values":["Que tipo de carro desea conocer?"],"selection_policy":"sequential"}},"parent":"Informacion","context":null,"created":"2017-03-22T16:17:05.775Z","updated":"2017-03-22T16:19:02.402Z","metadata":null,"conditions":"#Carros","description":null,"dialog_node":"Carros","previous_sibling":"Empresa"},{"go_to":null,"output":{"text":{"values":["Que tipo de información necesita 1.-Empresa 2.-Carros 3.- Cotizaciones"],"selection_policy":"sequential"}},"parent":null,"context":null,"created":"2017-03-22T15:58:43.855Z","updated":"2017-03-22T16:20:22.737Z","metadata":null,"conditions":"#Informacion","description":null,"dialog_node":"Informacion","previous_sibling":"Dudas"},{"go_to":null,"output":{"text":{"values":["Esta es nuestra dirección","Esta es nuestra ubicación"],"selection_policy":"sequential"}},"parent":null,"context":null,"created":"2017-03-17T16:43:50.022Z","updated":"2017-03-17T16:44:55.539Z","metadata":null,"conditions":"#Ubicación","description":null,"dialog_node":"Direccion","previous_sibling":"Contacto"},{"go_to":null,"output":{"text":{"values":["Esta es nuestra lista de precios para ese carro","Este es el precio"],"selection_policy":"sequential"}},"parent":null,"context":null,"created":"2017-03-17T15:29:25.862Z","updated":"2017-03-17T15:30:16.143Z","metadata":null,"conditions":"#Costos","description":null,"dialog_node":"Costo","previous_sibling":"Extras2"},{"go_to":null,"output":{"text":{"values":["Esta es nuestra variedad de accesorios que le podemos ofrecer","Este es nuestro catalogo de accesorios"],"selection_policy":"sequential"}},"parent":null,"context":null,"created":"2017-03-16T17:48:48.857Z","updated":"2017-03-16T17:53:05.694Z","metadata":null,"conditions":"#Accesorios","description":null,"dialog_node":"Extras1","previous_sibling":"Autos2"},{"go_to":null,"output":{"text":{"values":["Fue un placer ayudarle","Espero que haya sido de ayuda la información que le proporcione"],"selection_policy":"sequential"}},"parent":null,"context":null,"created":"2017-03-17T17:11:09.336Z","updated":"2017-03-17T17:11:56.852Z","metadata":null,"conditions":"#Gracias","description":null,"dialog_node":"Gracias","previous_sibling":"Contacto2"},{"go_to":null,"output":{"text":{"values":["Hasta Luego, fue un placer atenderle","Fue un placer atenderle","Adiós, fue un placer atenderle"],"selection_policy":"sequential"}},"parent":null,"context":null,"created":"2017-03-15T18:51:31.401Z","updated":"2017-03-16T16:22:19.479Z","metadata":null,"conditions":"#Despedida","description":null,"dialog_node":"Despedida","previous_sibling":"Informacion"}],"workspace_id":"09527219-93dd-482e-b8e9-8984ff686084","counterexamples":[]}