{
  "$schema": "https://raw.githubusercontent.com/JanDeDobbeleer/oh-my-posh/main/themes/schema.json",
  "blocks": [
    {
      "alignment": "left",
      "segments": [
        {
          "foreground": "white",
          "properties": {
            "fetch_version": false,
            "template": "({{ if .Error }}{{ .Error }}{{ else }}{{ if .Venv }}{{ .Venv }} {{ end }}{{ .Full }}{{ end }})"
          },
          "style": "plain",
          "type": "python"
        }
      ],
      "type": "prompt"
    },
    {
      "alignment": "left",
      "newline": true,
      "segments": [
        {
          "type": "root",
          "style": "powerline",
          "powerline_symbol": "\uE0B0",
          "foreground": "#111111",
          "background": "#ffff66",
          "properties": {
            "template": "\uF0E7"
          }
        },
        {
          "foreground": "#26C6DA",
          "properties": {
            "mapped_shell_names": {
              "powershell": "Desktop",
              "pwsh": "Core"
            },
            "template": "\u2800{{ .Name }}\u2800"
          },
          "style": "plain",
          "type": "shell"
        },
        {
          "foreground": "#26C6DA",
          "properties": {
            "template": "\u2800{{ if .WSL }}WSL at {{ end }}{{.Icon}}\u2800"
          },
          "style": "plain",
          "type": "os"
        },
        // {
        //   "properties": {
        //     "template": "{{ if .SSHSession }}\uf817 {{ end }}<cyan>{{ .UserName }}</> <darkGray>@</> <green>{{ .HostName }}</> "
        //   },
        //   "style": "plain",
        //   "type": "session"
        // },
        {
          "foreground": "lightYellow",
          "properties": {
            "style": "full",
            "template": "<darkGray>in </>{{ .Path }} "
          },
          "style": "plain",
          "type": "path"
        },
        {
          "properties": {
            "template": "<darkGray>on</> <white>git:</>{{ .HEAD }} "
          },
          "style": "plain",
          "type": "git"
        },
        {
            "type": "time",
            "style": "plain",
          "foreground": "darkGray",
          "properties": {
            "time_format": "3:04:05 PM"
          }
        },
        {
          "foreground": "red",
          "properties": {
            "template": " C:{{ if gt .Code 0 }}{{ .Code }}{{ end }} "
          },
          "style": "plain",
          "type": "exit"
        }
      ],
      "type": "prompt"
    },
    {
      "alignment": "left",
      "newline": true,
      "segments": [
        {
          "background": "#6CA35E",
          "foreground": "#ffffff",
          "properties": {
            "display_mode": "files",
            "fetch_package_manager": true,
            "template": " \ue718 {{ if .PackageManagerIcon }}{{ .PackageManagerIcon }} {{ end }}{{ .Full }} "
          },
          "style": "plain",
          "type": "node"
        },
        {
          "foreground": "#00ffff",
          "properties": {
            "display_mode": "files",
            "template": " <white><b>#</b></> {{ if .Unsupported }}\uf071{{ else }}{{ .Full }}{{ end }} "
          },
          "style": "plain",
          "type": "dotnet"
        },
        {
          "foreground": "#ffffff",
          "properties": {
            "style": "austin",
            "template": " <#fefefe>\u231a</> {{ .FormattedMs }} ",
            "threshold": 500
          },
          "style": "plain",
          "type": "executiontime"
        },
        {
          "background_templates": [
            "{{ if gt .Code 0 }}#9c1442{{ end }}"
          ],
          "foreground": "#ffffff",
          "properties": {
            "always_enabled": false,
            "template": " \u203c {{.Code}}<yellow>:</> {{ .Meaning }} \u203c "
          },
          "style": "plain",
          "type": "exit"
        },
        {
          "foreground": "#8f43f3",
          "properties": {
            "precision": 1,
            "template": " 💻 <#fefefe>{{ round (subf 100.0 .PhysicalPercentUsed) .Precision}}</><yellow>% 🆓</> <#fefefe>{{(index .CPU 0).Cores}}</><yellow><b>\u2a09 ±</b></><#fefefe>{{round (divf (index .CPU 0).Mhz 1000.0) .Precision }}</> Ghz "
          },
          "style": "plain",
          "type": "sysinfo"
        },
        {
          "style": "plain",
          "type": "text",
          "foreground": "#ff2100",
          "properties": {
            "text": "$"
          }
        }
      ],
      "type": "prompt"
    }
  ],
  "final_space": true,
  "version": 1
}
