{
  "id": "714a58ce-272e-444d-a4d1-ba7ed9406d76",
  "name": "alert",
  "prefix": "alert",
  "description": "ES: Configure SQL Server Agent Alerts",
  "body": "USE msdb;\nGO\nEXEC msdb.dbo.sp_add_alert\n    @name = N'Severity 016'\n   ,@message_id = 0\n   ,@severity = 16\n   ,@enabled = 1\n   ,@delay_between_responses = 60\n   ,@include_event_description_in = 1\n   ,@job_id = N'00000000-0000-0000-0000-000000000000';\nGO\nEXEC msdb.dbo.sp_add_notification\n    @alert_name = N'Severity 016'\n   ,@operator_name = N'<OperatorName, , Emergent Software DBA> '\n   ,@notification_method = 7;\nGO\nEXEC msdb.dbo.sp_add_alert\n    @name = N'Severity 017'\n   ,@message_id = 0\n   ,@severity = 17\n   ,@enabled = 1\n   ,@delay_between_responses = 60\n   ,@include_event_description_in = 1\n   ,@job_id = N'00000000-0000-0000-0000-000000000000';\nGO\nEXEC msdb.dbo.sp_add_notification\n    @alert_name = N'Severity 017'\n   ,@operator_name = N'<OperatorName, , Emergent Software DBA> '\n   ,@notification_method = 7;\nGO\nEXEC msdb.dbo.sp_add_alert\n    @name = N'Severity 018'\n   ,@message_id = 0\n   ,@severity = 18\n   ,@enabled = 1\n   ,@delay_between_responses = 60\n   ,@include_event_description_in = 1\n   ,@job_id = N'00000000-0000-0000-0000-000000000000';\nGO\nEXEC msdb.dbo.sp_add_notification\n    @alert_name = N'Severity 018'\n   ,@operator_name = N'<OperatorName, , Emergent Software DBA> '\n   ,@notification_method = 7;\nGO\nEXEC msdb.dbo.sp_add_alert\n    @name = N'Severity 019'\n   ,@message_id = 0\n   ,@severity = 19\n   ,@enabled = 1\n   ,@delay_between_responses = 60\n   ,@include_event_description_in = 1\n   ,@job_id = N'00000000-0000-0000-0000-000000000000';\nGO\nEXEC msdb.dbo.sp_add_notification\n    @alert_name = N'Severity 019'\n   ,@operator_name = N'<OperatorName, , Emergent Software DBA> '\n   ,@notification_method = 7;\nGO\nEXEC msdb.dbo.sp_add_alert\n    @name = N'Severity 020'\n   ,@message_id = 0\n   ,@severity = 20\n   ,@enabled = 1\n   ,@delay_between_responses = 60\n   ,@include_event_description_in = 1\n   ,@job_id = N'00000000-0000-0000-0000-000000000000';\nGO\nEXEC msdb.dbo.sp_add_notification\n    @alert_name = N'Severity 020'\n   ,@operator_name = N'<OperatorName, , Emergent Software DBA> '\n   ,@notification_method = 7;\nGO\nEXEC msdb.dbo.sp_add_alert\n    @name = N'Severity 021'\n   ,@message_id = 0\n   ,@severity = 21\n   ,@enabled = 1\n   ,@delay_between_responses = 60\n   ,@include_event_description_in = 1\n   ,@job_id = N'00000000-0000-0000-0000-000000000000';\nGO\nEXEC msdb.dbo.sp_add_notification\n    @alert_name = N'Severity 021'\n   ,@operator_name = N'<OperatorName, , Emergent Software DBA> '\n   ,@notification_method = 7;\nGO\nEXEC msdb.dbo.sp_add_alert\n    @name = N'Severity 022'\n   ,@message_id = 0\n   ,@severity = 22\n   ,@enabled = 1\n   ,@delay_between_responses = 60\n   ,@include_event_description_in = 1\n   ,@job_id = N'00000000-0000-0000-0000-000000000000';\nGO\nEXEC msdb.dbo.sp_add_notification\n    @alert_name = N'Severity 022'\n   ,@operator_name = N'<OperatorName, , Emergent Software DBA> '\n   ,@notification_method = 7;\nGO\nEXEC msdb.dbo.sp_add_alert\n    @name = N'Severity 023'\n   ,@message_id = 0\n   ,@severity = 23\n   ,@enabled = 1\n   ,@delay_between_responses = 60\n   ,@include_event_description_in = 1\n   ,@job_id = N'00000000-0000-0000-0000-000000000000';\nGO\nEXEC msdb.dbo.sp_add_notification\n    @alert_name = N'Severity 023'\n   ,@operator_name = N'<OperatorName, , Emergent Software DBA> '\n   ,@notification_method = 7;\nGO\nEXEC msdb.dbo.sp_add_alert\n    @name = N'Severity 024'\n   ,@message_id = 0\n   ,@severity = 24\n   ,@enabled = 1\n   ,@delay_between_responses = 60\n   ,@include_event_description_in = 1\n   ,@job_id = N'00000000-0000-0000-0000-000000000000';\nGO\nEXEC msdb.dbo.sp_add_notification\n    @alert_name = N'Severity 024'\n   ,@operator_name = N'<OperatorName, , Emergent Software DBA> '\n   ,@notification_method = 7;\nGO\nEXEC msdb.dbo.sp_add_alert\n    @name = N'Severity 025'\n   ,@message_id = 0\n   ,@severity = 25\n   ,@enabled = 1\n   ,@delay_between_responses = 60\n   ,@include_event_description_in = 1\n   ,@job_id = N'00000000-0000-0000-0000-000000000000';\nGO\nEXEC msdb.dbo.sp_add_notification\n    @alert_name = N'Severity 025'\n   ,@operator_name = N'<OperatorName, , Emergent Software DBA> '\n   ,@notification_method = 7;\nGO\nEXEC msdb.dbo.sp_add_alert\n    @name = N'Error Number 823'\n   ,@message_id = 823\n   ,@severity = 0\n   ,@enabled = 1\n   ,@delay_between_responses = 60\n   ,@include_event_description_in = 1\n   ,@job_id = N'00000000-0000-0000-0000-000000000000';\nGO\nEXEC msdb.dbo.sp_add_notification\n    @alert_name = N'Error Number 823'\n   ,@operator_name = N'<OperatorName, , Emergent Software DBA> '\n   ,@notification_method = 7;\nGO\nEXEC msdb.dbo.sp_add_alert\n    @name = N'Error Number 824'\n   ,@message_id = 824\n   ,@severity = 0\n   ,@enabled = 1\n   ,@delay_between_responses = 60\n   ,@include_event_description_in = 1\n   ,@job_id = N'00000000-0000-0000-0000-000000000000';\nGO\nEXEC msdb.dbo.sp_add_notification\n    @alert_name = N'Error Number 824'\n   ,@operator_name = N'<OperatorName, , Emergent Software DBA> '\n   ,@notification_method = 7;\nGO\nEXEC msdb.dbo.sp_add_alert\n    @name = N'Error Number 825'\n   ,@message_id = 825\n   ,@severity = 0\n   ,@enabled = 1\n   ,@delay_between_responses = 60\n   ,@include_event_description_in = 1\n   ,@job_id = N'00000000-0000-0000-0000-000000000000';\nGO\nEXEC msdb.dbo.sp_add_notification\n    @alert_name = N'Error Number 825'\n   ,@operator_name = N'<OperatorName, , Emergent Software DBA> '\n   ,@notification_method = 7;\nGO",
  "placeholders": []
}