{
  "id": "d0a5c707-a045-4200-bf5d-69894ade1b81",
  "name": "azl",
  "prefix": "azl",
  "description": "ES: Azure Database User from SQL Server Login - If your application will require access to multiple databases you should create a SQL Server login. Then create a database user from the SQL Server login.",
  "body": "/**********************************************************************************************************************\n** Database User from SQL Server Login\n** If your application will require access to multiple databases you should create a SQL Server login.\n** Then create a database user from the SQL Server login.\n**********************************************************************************************************************/\n\n-- STEP 1\n-- Change SSMS to connect with the master database. \"Ctrl+U\" then type \"master\" and Enter Key.\nDECLARE @LoginName NVARCHAR(100) = N'<LoginName, , App_AppName>' -- Use the naming convention of App_[APPLICATION_NAME]\nDECLARE @Password NVARCHAR(100) = N'<Password, , ChangeMe123!>' -- Generated from LastPass\n\nPRINT 'Creating the user...';\nEXECUTE (N'CREATE LOGIN ' + @LoginName + ' WITH PASSWORD = ''' + @Password + ''';');\n\n\n-- STEP 2\n-- Change SSMS to connect with your database 1. \"Ctrl+U\" then type \"[DATABASE_NAME_1]\" and Enter Key.\nDECLARE @UserName NVARCHAR(100) = N'<LoginName, , App_AppName>' -- Use the same @LoginName in STEP 1\nDECLARE @IsDBReader BIT = 1 -- 0 = Can NOT select table data, 1 Can select table data (Set to 0 when app user will only insert/update/execute)\nDECLARE @IsDBWriter BIT = 1 -- 0 = Can NOT insert/update table data, 1 = Can insert/update table data. (Set to 0 if app user is for reporting)\nDECLARE @IsDBExecutor BIT = 1 -- 0 = Can NOT execute stored procedures, 1 = Can execute stored procedures. (Set to 0 if app user will not call stored procedures)\nDECLARE @IsTableCreator BIT = 0 -- If your app user needs to CREATE/ALTER/DROP tables\nDECLARE @IsDBOwner BIT = 0 -- Almost never should the app user be the owner of the database! If you do enable this, talk to the SQL team to make sure this gets added to the security baseline or it will fail the audit.\n\nPRINT 'Creating the user...';\nEXECUTE (N'CREATE USER ' + @UserName + ' FROM LOGIN ' + @UserName + ';');\n\nPRINT 'Checking and creating db_executor role...';\nIF DATABASE_PRINCIPAL_ID('db_executor') IS NULL BEGIN\n\tCREATE ROLE db_executor;\nEND\nGRANT EXECUTE TO db_executor;\n\nPRINT 'Checking and creating db_tablecreator role...';\nIF DATABASE_PRINCIPAL_ID('db_tablecreator') IS NULL BEGIN\n\tCREATE ROLE db_tablecreator;\nEND\nGRANT CREATE TABLE TO db_tablecreator;\nGRANT ALTER ON SCHEMA :: dbo TO db_tablecreator;\n\nPRINT 'Assigning the read, write & executor roles for tables and grant execute for stored procedures...';\nIF @IsDBOwner = 1 BEGIN\n\tPRINT 'Setting db_owner role...';\n\tEXECUTE (N'ALTER ROLE db_owner ADD MEMBER ' + @UserName + ';');\nEND\nELSE\n    BEGIN\n\t\tPRINT 'Setting standard safe roles...';\n\t\tIF @IsDBReader = 1 EXECUTE (N'ALTER ROLE db_datareader ADD MEMBER ' + @UserName + ';');\n\t\tIF @IsDBWriter = 1 EXECUTE (N'ALTER ROLE db_datawriter ADD MEMBER ' + @UserName + ';');\n\t\tIF @IsDBExecutor = 1 EXECUTE (N'ALTER ROLE db_executor ADD MEMBER ' + @UserName + ';');\n\t\tIF @IsTableCreator = 1 EXECUTE (N'ALTER ROLE db_tablecreator ADD MEMBER ' + @UserName + ';');\n    END\n\nPRINT 'Denying execute on stored procedures...'\n-- If there are certain stored procedures that shouldn't be accessible to the application, you can explicitly deny the app user.\n--DENY EXECUTE ON dbo.StoredProcedureName TO db_executor;\n\n-- STEP 3-N\n-- Repeate for additional databases\n-- Change SSMS to connect with your database 2. \"Ctrl+U\" then type \"[DATABASE_NAME_2]\" and Enter Key.\n\nGO",
  "placeholders": []
}