{
    "vsphere-server": "kopi-vsphere-01",
    "vsphere-user": "administrator@kopicloud.local",
    "vsphere-password": "Ins3cur3P@ssw0rd",
    
    "vsphere-datacenter": "KopiCloud",
    "vsphere-cluster": "Kopi-Cluster",
    "vsphere-network": "VM Network",
    "vsphere-datastore": "Kopi-Datastore",
    "vsphere-folder": "Templates",
      
    "vm-name": "Win2019-Template-Base",
    "vm-cpu-num": "2",
    "vm-mem-size": "4096",
    
    "os-disk-size": "40960",
    "disk-thin-provision": "true",
    
    "winadmin-password": "S3cr3t0!",
    
    "os_iso_path": "[Play-Datastore-02] ISO-Windows/Windows_2019_64Bit_English_X22-02970.ISO"
 }
