{
  "builders": [
    {
        "type": "vsphere-iso",
  
        "vcenter_server": "{{user `vsphere-server`}}",
        "username": "{{user `vsphere-user`}}",
        "password": "{{user `vsphere-password`}}",
        "insecure_connection": "true",
  
        "datacenter": "{{user `vsphere-datacenter`}}",
        "cluster": "{{user `vsphere-cluster`}}",
        "datastore": "{{user `vsphere-datastore`}}",
        "folder": "{{user `vsphere-folder`}}",
  
        "communicator": "winrm",
        "winrm_username": "Administrator",
        "winrm_password": "{{user `winadmin-password`}}",
        "winrm_timeout": "1h30m",
  
        "convert_to_template": "true",

        "vm_name": "{{user `vm-name`}}",
        "guest_os_type": "windows9Server64Guest",
  
        "CPUs": "{{user `vm-cpu-num`}}",
        "RAM": "{{user `vm-mem-size`}}",
        "RAM_reserve_all": true,
        "firmware": "bios",
  
        "storage": [
          {
            "disk_size": "{{user `os-disk-size`}}",
            "disk_thin_provisioned": "{{user `disk-thin-provision`}}"
          }
        ],
        "disk_controller_type": "lsilogic-sas",
          
        "network_adapters": [
          {
            "network": "{{user `vsphere-network`}}",
            "network_card": "vmxnet3"
          }
        ],

        "shutdown_command": "shutdown /s /t 5",
  
        "iso_paths": [
          "{{user `os_iso_path`}}",
          "[] /vmimages/tools-isoimages/windows.iso"
        ],
  
        "floppy_files": [
            "autounattend.xml",
            "scripts/disable-network-discovery.cmd",
            "scripts/disable-server-manager.ps1",
            "scripts/enable-rdp.cmd",
            "scripts/enable-winrm.ps1",
            "scripts/install-vm-tools.cmd",
            "scripts/set-temp.ps1"
        ]
    }
  ],
  
  "provisioners": [
    {
      "type": "windows-shell",
      "inline": ["ipconfig /all"]
    }
  ]
   
}
