{
    "products": [
        {
            "productCode": "P04-02",
            "type": "fd",
            "updatedAt": "2020-04-15T06:21:11.188Z",
            "metaData": [
                {
                    "dataType": "number",
                    "level1": true,
                    "level2": false,
                    "level3": false,
                    "appendCurrency": true,
                    "keyName": "TOTAL_FDSGD_BAL",
                    "showOnUI": 1,
                    "displayName": "Total Principal",
                    "isPortfolio": true,
                    "portfolioLabel": "Balance",
                    "portfolioUnit": "SGD",
                    "value": 253104.76
                },
                {
                    "dataType": "string",
                    "level1": false,
                    "level2": true,
                    "level3": true,
                    "appendCurrency": false,
                    "keyName": "PRODUCT_INT_ID",
                    "showOnUI": 1,
                    "displayName": "Product Internal ID",
                    "isPortfolio": false,
                    "portfolioLabel": "Balance",
                    "portfolioUnit": "SGD",
                    "value": "fd"
                },
                {
                    "dataType": "string",
                    "level1": false,
                    "level2": true,
                    "level3": true,
                    "appendCurrency": false,
                    "keyName": "PRODUCT_TYPE",
                    "showOnUI": false,
                    "displayName": "CRLINE",
                    "isPortfolio": false,
                    "portfolioLabel": "Balance",
                    "portfolioUnit": "SGD",
                    "value": "na"
                },
                {
                    "dataType": "string",
                    "level1": false,
                    "level2": true,
                    "level3": true,
                    "appendCurrency": false,
                    "keyName": "ACC_MASTER_INFO",
                    "showOnUI": false,
                    "displayName": "Main/ Joint Names",
                    "isPortfolio": false,
                    "portfolioLabel": "Balance",
                    "portfolioUnit": "SGD",
                    "value": "CUSTOMER 159433/[7034 CUSTOMER 159987]"
                },
                {
                    "dataType": "string",
                    "level1": false,
                    "level2": true,
                    "level3": 0,
                    "appendCurrency": false,
                    "keyName": "ACC_NO",
                    "showOnUI": false,
                    "displayName": "Account Number",
                    "isPortfolio": false,
                    "portfolioLabel": "Balance",
                    "portfolioUnit": "SGD",
                    "value": 19009397504
                },
                {
                    "dataType": "string",
                    "level1": false,
                    "level2": true,
                    "level3": true,
                    "appendCurrency": false,
                    "keyName": "STATUS",
                    "showOnUI": false,
                    "displayName": "Status",
                    "isPortfolio": false,
                    "portfolioLabel": "Balance",
                    "portfolioUnit": "SGD",
                    "value": "trusted"
                },
                {
                    "dataType": "date",
                    "level1": false,
                    "level2": false,
                    "level3": true,
                    "appendCurrency": false,
                    "keyName": "CERT_EFFDT",
                    "showOnUI": false,
                    "displayName": "Start Date",
                    "isPortfolio": false,
                    "portfolioLabel": "Balance",
                    "portfolioUnit": "SGD",
                    "value": "2020-01-21T20:00:00.000Z"
                },
                {
                    "dataType": "date",
                    "level1": false,
                    "level2": false,
                    "level3": true,
                    "appendCurrency": false,
                    "keyName": "CERT_DUEDT",
                    "showOnUI": false,
                    "displayName": "Maturity Date",
                    "isPortfolio": false,
                    "portfolioLabel": "Balance",
                    "portfolioUnit": "SGD",
                    "value": "2020-04-21T20:00:00.000Z"
                },
                {
                    "dataType": "string",
                    "level1": false,
                    "level2": false,
                    "level3": true,
                    "appendCurrency": false,
                    "keyName": "INTERIM_CODE",
                    "showOnUI": false,
                    "displayName": "Maturity Instruction",
                    "isPortfolio": false,
                    "portfolioLabel": "Balance",
                    "portfolioUnit": "SGD",
                    "value": "Y"
                },
                {
                    "dataType": "string",
                    "level1": false,
                    "level2": false,
                    "level3": true,
                    "appendCurrency": false,
                    "keyName": "PLEDGE",
                    "showOnUI": false,
                    "displayName": "Other Info ",
                    "isPortfolio": false,
                    "portfolioLabel": "Balance",
                    "portfolioUnit": "SGD",
                    "value": "N"
                },
                {
                    "dataType": "date",
                    "level1": false,
                    "level2": false,
                    "level3": true,
                    "appendCurrency": false,
                    "keyName": "CERT_ISSDT",
                    "showOnUI": false,
                    "displayName": "Account Opening Date",
                    "isPortfolio": false,
                    "portfolioLabel": "Balance",
                    "portfolioUnit": "SGD",
                    "value": "2002-04-24T20:00:00.000Z"
                },
                {
                    "dataType": "number",
                    "level1": false,
                    "level2": false,
                    "level3": true,
                    "appendCurrency": true,
                    "keyName": "CERT_INTRT",
                    "showOnUI": false,
                    "displayName": "Interest",
                    "isPortfolio": false,
                    "portfolioLabel": "Balance",
                    "portfolioUnit": "SGD",
                    "value": 299.74
                },
                {
                    "dataType": "number",
                    "level1": false,
                    "level2": false,
                    "level3": true,
                    "appendCurrency": false,
                    "keyName": "FD_INTEREST_RATE",
                    "showOnUI": false,
                    "displayName": "Rate",
                    "isPortfolio": false,
                    "portfolioLabel": "Balance",
                    "portfolioUnit": "SGD",
                    "value": 0.47500000000000003
                },
                {
                    "dataType": "string",
                    "level1": false,
                    "level2": false,
                    "level3": true,
                    "appendCurrency": false,
                    "keyName": "CURR_UNIT",
                    "showOnUI": false,
                    "displayName": "Currency",
                    "isPortfolio": false,
                    "portfolioLabel": "Balance",
                    "portfolioUnit": "SGD",
                    "value": "SGD"
                },
                {
                    "dataType": "string",
                    "level1": false,
                    "level2": false,
                    "level3": true,
                    "appendCurrency": false,
                    "keyName": "jahId",
                    "showOnUI": false,
                    "displayName": "Joint Holder IDNO",
                    "isPortfolio": false,
                    "portfolioLabel": "Balance",
                    "portfolioUnit": "SGD",
                    "value": "None"
                }
            ],
            "parentProductName": "Deposit",
            "parentProductCode": "P04",
            "portfolioLabel": "Balance",
            "portfolioUnit": "SGD",
            "productIcon": "fa fa-credit-card",
            "productName": "Fixed Deposit"
        },
        {
            "productCode": "P04-02",
            "type": "fd",
            "updatedAt": "2020-04-15T06:21:11.188Z",
            "metaData": [
                {
                    "dataType": "number",
                    "level1": true,
                    "level2": false,
                    "level3": false,
                    "appendCurrency": true,
                    "keyName": "TOTAL_FDSGD_BAL",
                    "showOnUI": 1,
                    "displayName": "Total Principal",
                    "isPortfolio": true,
                    "portfolioLabel": "Balance",
                    "portfolioUnit": "SGD",
                    "value": 253104.76
                },
                {
                    "dataType": "string",
                    "level1": false,
                    "level2": true,
                    "level3": true,
                    "appendCurrency": false,
                    "keyName": "PRODUCT_INT_ID",
                    "showOnUI": 1,
                    "displayName": "Product Internal ID",
                    "isPortfolio": false,
                    "portfolioLabel": "Balance",
                    "portfolioUnit": "SGD",
                    "value": "fd"
                },
                {
                    "dataType": "string",
                    "level1": false,
                    "level2": true,
                    "level3": true,
                    "appendCurrency": false,
                    "keyName": "PRODUCT_TYPE",
                    "showOnUI": false,
                    "displayName": "CRLINE",
                    "isPortfolio": false,
                    "portfolioLabel": "Balance",
                    "portfolioUnit": "SGD",
                    "value": "na"
                },
                {
                    "dataType": "string",
                    "level1": false,
                    "level2": true,
                    "level3": true,
                    "appendCurrency": false,
                    "keyName": "ACC_MASTER_INFO",
                    "showOnUI": false,
                    "displayName": "Main/ Joint Names",
                    "isPortfolio": false,
                    "portfolioLabel": "Balance",
                    "portfolioUnit": "SGD",
                    "value": "CUSTOMER 159433/[7034 CUSTOMER 159987]"
                },
                {
                    "dataType": "string",
                    "level1": false,
                    "level2": true,
                    "level3": 0,
                    "appendCurrency": false,
                    "keyName": "ACC_NO",
                    "showOnUI": false,
                    "displayName": "Account Number",
                    "isPortfolio": false,
                    "portfolioLabel": "Balance",
                    "portfolioUnit": "SGD",
                    "value": 19009397504
                },
                {
                    "dataType": "string",
                    "level1": false,
                    "level2": true,
                    "level3": true,
                    "appendCurrency": false,
                    "keyName": "STATUS",
                    "showOnUI": false,
                    "displayName": "Status",
                    "isPortfolio": false,
                    "portfolioLabel": "Balance",
                    "portfolioUnit": "SGD",
                    "value": "trusted"
                },
                {
                    "dataType": "date",
                    "level1": false,
                    "level2": false,
                    "level3": true,
                    "appendCurrency": false,
                    "keyName": "CERT_EFFDT",
                    "showOnUI": false,
                    "displayName": "Start Date",
                    "isPortfolio": false,
                    "portfolioLabel": "Balance",
                    "portfolioUnit": "SGD",
                    "value": "2020-01-21T20:00:00.000Z"
                },
                {
                    "dataType": "date",
                    "level1": false,
                    "level2": false,
                    "level3": true,
                    "appendCurrency": false,
                    "keyName": "CERT_DUEDT",
                    "showOnUI": false,
                    "displayName": "Maturity Date",
                    "isPortfolio": false,
                    "portfolioLabel": "Balance",
                    "portfolioUnit": "SGD",
                    "value": "2020-04-21T20:00:00.000Z"
                },
                {
                    "dataType": "string",
                    "level1": false,
                    "level2": false,
                    "level3": true,
                    "appendCurrency": false,
                    "keyName": "INTERIM_CODE",
                    "showOnUI": false,
                    "displayName": "Maturity Instruction",
                    "isPortfolio": false,
                    "portfolioLabel": "Balance",
                    "portfolioUnit": "SGD",
                    "value": "Y"
                },
                {
                    "dataType": "string",
                    "level1": false,
                    "level2": false,
                    "level3": true,
                    "appendCurrency": false,
                    "keyName": "PLEDGE",
                    "showOnUI": false,
                    "displayName": "Other Info ",
                    "isPortfolio": false,
                    "portfolioLabel": "Balance",
                    "portfolioUnit": "SGD",
                    "value": "N"
                },
                {
                    "dataType": "date",
                    "level1": false,
                    "level2": false,
                    "level3": true,
                    "appendCurrency": false,
                    "keyName": "CERT_ISSDT",
                    "showOnUI": false,
                    "displayName": "Account Opening Date",
                    "isPortfolio": false,
                    "portfolioLabel": "Balance",
                    "portfolioUnit": "SGD",
                    "value": "2002-04-24T20:00:00.000Z"
                },
                {
                    "dataType": "number",
                    "level1": false,
                    "level2": false,
                    "level3": true,
                    "appendCurrency": true,
                    "keyName": "CERT_INTRT",
                    "showOnUI": false,
                    "displayName": "Interest",
                    "isPortfolio": false,
                    "portfolioLabel": "Balance",
                    "portfolioUnit": "SGD",
                    "value": 299.74
                },
                {
                    "dataType": "number",
                    "level1": false,
                    "level2": false,
                    "level3": true,
                    "appendCurrency": false,
                    "keyName": "FD_INTEREST_RATE",
                    "showOnUI": false,
                    "displayName": "Rate",
                    "isPortfolio": false,
                    "portfolioLabel": "Balance",
                    "portfolioUnit": "SGD",
                    "value": 0.47500000000000003
                },
                {
                    "dataType": "string",
                    "level1": false,
                    "level2": false,
                    "level3": true,
                    "appendCurrency": false,
                    "keyName": "CURR_UNIT",
                    "showOnUI": false,
                    "displayName": "Currency",
                    "isPortfolio": false,
                    "portfolioLabel": "Balance",
                    "portfolioUnit": "SGD",
                    "value": "SGD"
                },
                {
                    "dataType": "string",
                    "level1": false,
                    "level2": false,
                    "level3": true,
                    "appendCurrency": false,
                    "keyName": "jahId",
                    "showOnUI": false,
                    "displayName": "Joint Holder IDNO",
                    "isPortfolio": false,
                    "portfolioLabel": "Balance",
                    "portfolioUnit": "SGD",
                    "value": "None"
                }
            ],
            "parentProductName": "Deposit",
            "parentProductCode": "P04",
            "portfolioLabel": "Balance",
            "portfolioUnit": "SGD",
            "productIcon": "fa fa-credit-card",
            "productName": "Fixed Deposit"
        },
        {
            "productCode": "P04-02",
            "type": "fd",
            "updatedAt": "2020-04-15T06:21:11.188Z",
            "metaData": [
                {
                    "dataType": "number",
                    "level1": true,
                    "level2": false,
                    "level3": false,
                    "appendCurrency": true,
                    "keyName": "TOTAL_FDSGD_BAL",
                    "showOnUI": 1,
                    "displayName": "Total Principal",
                    "isPortfolio": true,
                    "portfolioLabel": "Balance",
                    "portfolioUnit": "SGD",
                    "value": 208372.52
                },
                {
                    "dataType": "string",
                    "level1": false,
                    "level2": true,
                    "level3": true,
                    "appendCurrency": false,
                    "keyName": "PRODUCT_INT_ID",
                    "showOnUI": 1,
                    "displayName": "Product Internal ID",
                    "isPortfolio": false,
                    "portfolioLabel": "Balance",
                    "portfolioUnit": "SGD",
                    "value": "fd"
                },
                {
                    "dataType": "string",
                    "level1": false,
                    "level2": true,
                    "level3": true,
                    "appendCurrency": false,
                    "keyName": "PRODUCT_TYPE",
                    "showOnUI": false,
                    "displayName": "CRLINE",
                    "isPortfolio": false,
                    "portfolioLabel": "Balance",
                    "portfolioUnit": "SGD",
                    "value": "na"
                },
                {
                    "dataType": "string",
                    "level1": false,
                    "level2": true,
                    "level3": true,
                    "appendCurrency": false,
                    "keyName": "ACC_MASTER_INFO",
                    "showOnUI": false,
                    "displayName": "Main/ Joint Names",
                    "isPortfolio": false,
                    "portfolioLabel": "Balance",
                    "portfolioUnit": "SGD",
                    "value": "CUSTOMER 159433/[7034 CUSTOMER 159987]"
                },
                {
                    "dataType": "string",
                    "level1": false,
                    "level2": true,
                    "level3": 0,
                    "appendCurrency": false,
                    "keyName": "ACC_NO",
                    "showOnUI": false,
                    "displayName": "Account Number",
                    "isPortfolio": false,
                    "portfolioLabel": "Balance",
                    "portfolioUnit": "SGD",
                    "value": 19009397504
                },
                {
                    "dataType": "string",
                    "level1": false,
                    "level2": true,
                    "level3": true,
                    "appendCurrency": false,
                    "keyName": "STATUS",
                    "showOnUI": false,
                    "displayName": "Status",
                    "isPortfolio": false,
                    "portfolioLabel": "Balance",
                    "portfolioUnit": "SGD",
                    "value": "trusted"
                },
                {
                    "dataType": "date",
                    "level1": false,
                    "level2": false,
                    "level3": true,
                    "appendCurrency": false,
                    "keyName": "CERT_EFFDT",
                    "showOnUI": false,
                    "displayName": "Start Date",
                    "isPortfolio": false,
                    "portfolioLabel": "Balance",
                    "portfolioUnit": "SGD",
                    "value": "2020-02-20T20:00:00.000Z"
                },
                {
                    "dataType": "date",
                    "level1": false,
                    "level2": false,
                    "level3": true,
                    "appendCurrency": false,
                    "keyName": "CERT_DUEDT",
                    "showOnUI": false,
                    "displayName": "Maturity Date",
                    "isPortfolio": false,
                    "portfolioLabel": "Balance",
                    "portfolioUnit": "SGD",
                    "value": "2020-05-20T20:00:00.000Z"
                },
                {
                    "dataType": "string",
                    "level1": false,
                    "level2": false,
                    "level3": true,
                    "appendCurrency": false,
                    "keyName": "INTERIM_CODE",
                    "showOnUI": false,
                    "displayName": "Maturity Instruction",
                    "isPortfolio": false,
                    "portfolioLabel": "Balance",
                    "portfolioUnit": "SGD",
                    "value": "Y"
                },
                {
                    "dataType": "string",
                    "level1": false,
                    "level2": false,
                    "level3": true,
                    "appendCurrency": false,
                    "keyName": "PLEDGE",
                    "showOnUI": false,
                    "displayName": "Other Info ",
                    "isPortfolio": false,
                    "portfolioLabel": "Balance",
                    "portfolioUnit": "SGD",
                    "value": "N"
                },
                {
                    "dataType": "date",
                    "level1": false,
                    "level2": false,
                    "level3": true,
                    "appendCurrency": false,
                    "keyName": "CERT_ISSDT",
                    "showOnUI": false,
                    "displayName": "Account Opening Date",
                    "isPortfolio": false,
                    "portfolioLabel": "Balance",
                    "portfolioUnit": "SGD",
                    "value": "2002-04-24T20:00:00.000Z"
                },
                {
                    "dataType": "number",
                    "level1": false,
                    "level2": false,
                    "level3": true,
                    "appendCurrency": true,
                    "keyName": "CERT_INTRT",
                    "showOnUI": false,
                    "displayName": "Interest",
                    "isPortfolio": false,
                    "portfolioLabel": "Balance",
                    "portfolioUnit": "SGD",
                    "value": 244.05
                },
                {
                    "dataType": "number",
                    "level1": false,
                    "level2": false,
                    "level3": true,
                    "appendCurrency": false,
                    "keyName": "FD_INTEREST_RATE",
                    "showOnUI": false,
                    "displayName": "Rate",
                    "isPortfolio": false,
                    "portfolioLabel": "Balance",
                    "portfolioUnit": "SGD",
                    "value": 0.47500000000000003
                },
                {
                    "dataType": "string",
                    "level1": false,
                    "level2": false,
                    "level3": true,
                    "appendCurrency": false,
                    "keyName": "CURR_UNIT",
                    "showOnUI": false,
                    "displayName": "Currency",
                    "isPortfolio": false,
                    "portfolioLabel": "Balance",
                    "portfolioUnit": "SGD",
                    "value": "SGD"
                },
                {
                    "dataType": "string",
                    "level1": false,
                    "level2": false,
                    "level3": true,
                    "appendCurrency": false,
                    "keyName": "jahId",
                    "showOnUI": false,
                    "displayName": "Joint Holder IDNO",
                    "isPortfolio": false,
                    "portfolioLabel": "Balance",
                    "portfolioUnit": "SGD",
                    "value": "None"
                }
            ],
            "parentProductName": "Deposit",
            "parentProductCode": "P04",
            "portfolioLabel": "Balance",
            "portfolioUnit": "SGD",
            "productIcon": "fa fa-credit-card",
            "productName": "Fixed Deposit"
        },
        {
            "productCode": "P04-02",
            "type": "fd",
            "updatedAt": "2020-04-15T06:21:11.188Z",
            "metaData": [
                {
                    "dataType": "number",
                    "level1": true,
                    "level2": false,
                    "level3": false,
                    "appendCurrency": true,
                    "keyName": "TOTAL_FDSGD_BAL",
                    "showOnUI": 1,
                    "displayName": "Total Principal",
                    "isPortfolio": true,
                    "portfolioLabel": "Balance",
                    "portfolioUnit": "SGD",
                    "value": 252802.09
                },
                {
                    "dataType": "string",
                    "level1": false,
                    "level2": true,
                    "level3": true,
                    "appendCurrency": false,
                    "keyName": "PRODUCT_INT_ID",
                    "showOnUI": 1,
                    "displayName": "Product Internal ID",
                    "isPortfolio": false,
                    "portfolioLabel": "Balance",
                    "portfolioUnit": "SGD",
                    "value": "fd"
                },
                {
                    "dataType": "string",
                    "level1": false,
                    "level2": true,
                    "level3": true,
                    "appendCurrency": false,
                    "keyName": "PRODUCT_TYPE",
                    "showOnUI": false,
                    "displayName": "CRLINE",
                    "isPortfolio": false,
                    "portfolioLabel": "Balance",
                    "portfolioUnit": "SGD",
                    "value": "na"
                },
                {
                    "dataType": "string",
                    "level1": false,
                    "level2": true,
                    "level3": true,
                    "appendCurrency": false,
                    "keyName": "ACC_MASTER_INFO",
                    "showOnUI": false,
                    "displayName": "Main/ Joint Names",
                    "isPortfolio": false,
                    "portfolioLabel": "Balance",
                    "portfolioUnit": "SGD",
                    "value": "CUSTOMER 159433/[7034 CUSTOMER 159987]"
                },
                {
                    "dataType": "string",
                    "level1": false,
                    "level2": true,
                    "level3": 0,
                    "appendCurrency": false,
                    "keyName": "ACC_NO",
                    "showOnUI": false,
                    "displayName": "Account Number",
                    "isPortfolio": false,
                    "portfolioLabel": "Balance",
                    "portfolioUnit": "SGD",
                    "value": 19009397504
                },
                {
                    "dataType": "string",
                    "level1": false,
                    "level2": true,
                    "level3": true,
                    "appendCurrency": false,
                    "keyName": "STATUS",
                    "showOnUI": false,
                    "displayName": "Status",
                    "isPortfolio": false,
                    "portfolioLabel": "Balance",
                    "portfolioUnit": "SGD",
                    "value": "trusted"
                },
                {
                    "dataType": "date",
                    "level1": false,
                    "level2": false,
                    "level3": true,
                    "appendCurrency": false,
                    "keyName": "CERT_EFFDT",
                    "showOnUI": false,
                    "displayName": "Start Date",
                    "isPortfolio": false,
                    "portfolioLabel": "Balance",
                    "portfolioUnit": "SGD",
                    "value": "2019-10-21T20:00:00.000Z"
                },
                {
                    "dataType": "date",
                    "level1": false,
                    "level2": false,
                    "level3": true,
                    "appendCurrency": false,
                    "keyName": "CERT_DUEDT",
                    "showOnUI": false,
                    "displayName": "Maturity Date",
                    "isPortfolio": false,
                    "portfolioLabel": "Balance",
                    "portfolioUnit": "SGD",
                    "value": "2020-01-21T20:00:00.000Z"
                },
                {
                    "dataType": "string",
                    "level1": false,
                    "level2": false,
                    "level3": true,
                    "appendCurrency": false,
                    "keyName": "INTERIM_CODE",
                    "showOnUI": false,
                    "displayName": "Maturity Instruction",
                    "isPortfolio": false,
                    "portfolioLabel": "Balance",
                    "portfolioUnit": "SGD",
                    "value": "Y"
                },
                {
                    "dataType": "string",
                    "level1": false,
                    "level2": false,
                    "level3": true,
                    "appendCurrency": false,
                    "keyName": "PLEDGE",
                    "showOnUI": false,
                    "displayName": "Other Info ",
                    "isPortfolio": false,
                    "portfolioLabel": "Balance",
                    "portfolioUnit": "SGD",
                    "value": "N"
                },
                {
                    "dataType": "date",
                    "level1": false,
                    "level2": false,
                    "level3": true,
                    "appendCurrency": false,
                    "keyName": "CERT_ISSDT",
                    "showOnUI": false,
                    "displayName": "Account Opening Date",
                    "isPortfolio": false,
                    "portfolioLabel": "Balance",
                    "portfolioUnit": "SGD",
                    "value": "2002-04-24T20:00:00.000Z"
                },
                {
                    "dataType": "number",
                    "level1": false,
                    "level2": false,
                    "level3": true,
                    "appendCurrency": true,
                    "keyName": "CERT_INTRT",
                    "showOnUI": false,
                    "displayName": "Interest",
                    "isPortfolio": false,
                    "portfolioLabel": "Balance",
                    "portfolioUnit": "SGD",
                    "value": 302.67
                },
                {
                    "dataType": "number",
                    "level1": false,
                    "level2": false,
                    "level3": true,
                    "appendCurrency": false,
                    "keyName": "FD_INTEREST_RATE",
                    "showOnUI": false,
                    "displayName": "Rate",
                    "isPortfolio": false,
                    "portfolioLabel": "Balance",
                    "portfolioUnit": "SGD",
                    "value": 0.47500000000000003
                },
                {
                    "dataType": "string",
                    "level1": false,
                    "level2": false,
                    "level3": true,
                    "appendCurrency": false,
                    "keyName": "CURR_UNIT",
                    "showOnUI": false,
                    "displayName": "Currency",
                    "isPortfolio": false,
                    "portfolioLabel": "Balance",
                    "portfolioUnit": "SGD",
                    "value": "SGD"
                },
                {
                    "dataType": "string",
                    "level1": false,
                    "level2": false,
                    "level3": true,
                    "appendCurrency": false,
                    "keyName": "jahId",
                    "showOnUI": false,
                    "displayName": "Joint Holder IDNO",
                    "isPortfolio": false,
                    "portfolioLabel": "Balance",
                    "portfolioUnit": "SGD",
                    "value": "None"
                }
            ],
            "parentProductName": "Deposit",
            "parentProductCode": "P04",
            "portfolioLabel": "Balance",
            "portfolioUnit": "SGD",
            "productIcon": "fa fa-credit-card",
            "productName": "Fixed Deposit"
        },
        {
            "productCode": "P04-02",
            "type": "fd",
            "updatedAt": "2020-04-15T06:21:11.188Z",
            "metaData": [
                {
                    "dataType": "number",
                    "level1": true,
                    "level2": false,
                    "level3": false,
                    "appendCurrency": true,
                    "keyName": "TOTAL_FDSGD_BAL",
                    "showOnUI": 1,
                    "displayName": "Total Principal",
                    "isPortfolio": true,
                    "portfolioLabel": "Balance",
                    "portfolioUnit": "SGD",
                    "value": 252802.09
                },
                {
                    "dataType": "string",
                    "level1": false,
                    "level2": true,
                    "level3": true,
                    "appendCurrency": false,
                    "keyName": "PRODUCT_INT_ID",
                    "showOnUI": 1,
                    "displayName": "Product Internal ID",
                    "isPortfolio": false,
                    "portfolioLabel": "Balance",
                    "portfolioUnit": "SGD",
                    "value": "fd"
                },
                {
                    "dataType": "string",
                    "level1": false,
                    "level2": true,
                    "level3": true,
                    "appendCurrency": false,
                    "keyName": "PRODUCT_TYPE",
                    "showOnUI": false,
                    "displayName": "CRLINE",
                    "isPortfolio": false,
                    "portfolioLabel": "Balance",
                    "portfolioUnit": "SGD",
                    "value": "na"
                },
                {
                    "dataType": "string",
                    "level1": false,
                    "level2": true,
                    "level3": true,
                    "appendCurrency": false,
                    "keyName": "ACC_MASTER_INFO",
                    "showOnUI": false,
                    "displayName": "Main/ Joint Names",
                    "isPortfolio": false,
                    "portfolioLabel": "Balance",
                    "portfolioUnit": "SGD",
                    "value": "CUSTOMER 159433/[7034 CUSTOMER 159987]"
                },
                {
                    "dataType": "string",
                    "level1": false,
                    "level2": true,
                    "level3": 0,
                    "appendCurrency": false,
                    "keyName": "ACC_NO",
                    "showOnUI": false,
                    "displayName": "Account Number",
                    "isPortfolio": false,
                    "portfolioLabel": "Balance",
                    "portfolioUnit": "SGD",
                    "value": 19009397504
                },
                {
                    "dataType": "string",
                    "level1": false,
                    "level2": true,
                    "level3": true,
                    "appendCurrency": false,
                    "keyName": "STATUS",
                    "showOnUI": false,
                    "displayName": "Status",
                    "isPortfolio": false,
                    "portfolioLabel": "Balance",
                    "portfolioUnit": "SGD",
                    "value": "trusted"
                },
                {
                    "dataType": "date",
                    "level1": false,
                    "level2": false,
                    "level3": true,
                    "appendCurrency": false,
                    "keyName": "CERT_EFFDT",
                    "showOnUI": false,
                    "displayName": "Start Date",
                    "isPortfolio": false,
                    "portfolioLabel": "Balance",
                    "portfolioUnit": "SGD",
                    "value": "2019-10-21T20:00:00.000Z"
                },
                {
                    "dataType": "date",
                    "level1": false,
                    "level2": false,
                    "level3": true,
                    "appendCurrency": false,
                    "keyName": "CERT_DUEDT",
                    "showOnUI": false,
                    "displayName": "Maturity Date",
                    "isPortfolio": false,
                    "portfolioLabel": "Balance",
                    "portfolioUnit": "SGD",
                    "value": "2020-01-21T20:00:00.000Z"
                },
                {
                    "dataType": "string",
                    "level1": false,
                    "level2": false,
                    "level3": true,
                    "appendCurrency": false,
                    "keyName": "INTERIM_CODE",
                    "showOnUI": false,
                    "displayName": "Maturity Instruction",
                    "isPortfolio": false,
                    "portfolioLabel": "Balance",
                    "portfolioUnit": "SGD",
                    "value": "Y"
                },
                {
                    "dataType": "string",
                    "level1": false,
                    "level2": false,
                    "level3": true,
                    "appendCurrency": false,
                    "keyName": "PLEDGE",
                    "showOnUI": false,
                    "displayName": "Other Info ",
                    "isPortfolio": false,
                    "portfolioLabel": "Balance",
                    "portfolioUnit": "SGD",
                    "value": "N"
                },
                {
                    "dataType": "date",
                    "level1": false,
                    "level2": false,
                    "level3": true,
                    "appendCurrency": false,
                    "keyName": "CERT_ISSDT",
                    "showOnUI": false,
                    "displayName": "Account Opening Date",
                    "isPortfolio": false,
                    "portfolioLabel": "Balance",
                    "portfolioUnit": "SGD",
                    "value": "2002-04-24T20:00:00.000Z"
                },
                {
                    "dataType": "number",
                    "level1": false,
                    "level2": false,
                    "level3": true,
                    "appendCurrency": true,
                    "keyName": "CERT_INTRT",
                    "showOnUI": false,
                    "displayName": "Interest",
                    "isPortfolio": false,
                    "portfolioLabel": "Balance",
                    "portfolioUnit": "SGD",
                    "value": 302.67
                },
                {
                    "dataType": "number",
                    "level1": false,
                    "level2": false,
                    "level3": true,
                    "appendCurrency": false,
                    "keyName": "FD_INTEREST_RATE",
                    "showOnUI": false,
                    "displayName": "Rate",
                    "isPortfolio": false,
                    "portfolioLabel": "Balance",
                    "portfolioUnit": "SGD",
                    "value": 0.47500000000000003
                },
                {
                    "dataType": "string",
                    "level1": false,
                    "level2": false,
                    "level3": true,
                    "appendCurrency": false,
                    "keyName": "CURR_UNIT",
                    "showOnUI": false,
                    "displayName": "Currency",
                    "isPortfolio": false,
                    "portfolioLabel": "Balance",
                    "portfolioUnit": "SGD",
                    "value": "SGD"
                },
                {
                    "dataType": "string",
                    "level1": false,
                    "level2": false,
                    "level3": true,
                    "appendCurrency": false,
                    "keyName": "jahId",
                    "showOnUI": false,
                    "displayName": "Joint Holder IDNO",
                    "isPortfolio": false,
                    "portfolioLabel": "Balance",
                    "portfolioUnit": "SGD",
                    "value": "None"
                }
            ],
            "parentProductName": "Deposit",
            "parentProductCode": "P04",
            "portfolioLabel": "Balance",
            "portfolioUnit": "SGD",
            "productIcon": "fa fa-credit-card",
            "productName": "Fixed Deposit"
        }
    ],
    "total": 1406
}
