{
    "install": "messages/install.md",
    "0.1.6": "messages/v0.1.6.md",
    "0.2.0": "messages/v0.2.0.md",
    "0.3.0": "messages/v0.3.0.md",
    "0.3.1": "messages/v0.3.0.md",
    "0.8.2": "messages/v0.8.2.md",
    "0.9.0": "messages/v0.9.0.md",
    "0.9.1": "messages/v0.9.1.md",
    "0.9.2": "messages/v0.9.2.md",
    "0.9.3": "messages/v0.9.3.md",
    "0.9.4": "messages/v0.9.4.md",
    "0.9.5": "messages/v0.9.5.md",
    "0.9.6": "messages/v0.9.6.md",
    "0.9.7": "messages/v0.9.7.md",
    "0.9.8": "messages/v0.9.8.md",
    "0.9.9": "messages/v0.9.9.md",
    "0.9.10": "messages/v0.9.10.md",
    "0.9.11": "messages/v0.9.11.md",
    "0.9.12": "messages/v0.9.12.md"
}
