[
  {
    "Name": "BouncyCastle.Crypto.dll",
    "BaseName": "BouncyCastle.Crypto.dll",
    "Target": "1.8.1",
    "LatestVersion": "1.8.1"
  },
  {
    "Name": "Google.Apis.dll",
    "BaseName": "Google.Apis",
    "Target": "Latest",
    "LatestVersion": "1.44.0"
  },
  {
    "Name": "Google.Apis.Admin.DataTransfer.datatransfer_v1.dll",
    "BaseName": "Google.Apis.Admin.DataTransfer.datatransfer_v1",
    "Target": "Latest",
    "LatestVersion": "1.41.1.418"
  },
  {
    "Name": "Google.Apis.Admin.Directory.directory_v1.dll",
    "BaseName": "Google.Apis.Admin.Directory.directory_v1",
    "Target": "Latest",
    "LatestVersion": "1.41.1.1678"
  },
  {
    "Name": "Google.Apis.Admin.Reports.reports_v1.dll",
    "BaseName": "Google.Apis.Admin.Reports.reports_v1",
    "Target": "Latest",
    "LatestVersion": "1.41.1.1601"
  },
  {
    "Name": "Google.Apis.Auth.dll",
    "BaseName": "Google.Apis.Auth",
    "Target": "Latest",
    "LatestVersion": "1.41.1"
  },
  {
    "Name": "Google.Apis.Calendar.v3.dll",
    "BaseName": "Google.Apis.Calendar.v3",
    "Target": "Latest",
    "LatestVersion": "1.41.1.1713"
  },
  {
    "Name": "Google.Apis.Classroom.v1.dll",
    "BaseName": "Google.Apis.Classroom.v1",
    "Target": "Latest",
    "LatestVersion": "1.41.1.1713"
  },
  {
    "Name": "Google.Apis.Core.dll",
    "BaseName": "Google.Apis.Core",
    "Target": "Latest",
    "LatestVersion": "1.41.1"
  },
  {
    "Name": "Google.Apis.Docs.v1.dll",
    "BaseName": "Google.Apis.Docs.v1",
    "Target": "Latest",
    "LatestVersion": "1.41.1.1708"
  },
  {
    "Name": "Google.Apis.Drive.v3.dll",
    "BaseName": "Google.Apis.Drive.v3",
    "Target": "Latest",
    "LatestVersion": "1.41.1.1708"
  },
  {
    "Name": "Google.Apis.DriveActivity.v2.dll",
    "BaseName": "Google.Apis.DriveActivity.v2",
    "Target": "Latest",
    "LatestVersion": "1.41.1.1713"
  },
  {
    "Name": "Google.Apis.Gmail.v1.dll",
    "BaseName": "Google.Apis.Gmail.v1",
    "Target": "Latest",
    "LatestVersion": "1.41.1.1635"
  },
  {
    "Name": "Google.Apis.Groupssettings.v1.dll",
    "BaseName": "Google.Apis.Groupssettings.v1",
    "Target": "Latest",
    "LatestVersion": "1.41.1.1666"
  },
  {
    "Name": "Google.Apis.HangoutsChat.v1.dll",
    "BaseName": "Google.Apis.HangoutsChat.v1",
    "Target": "Latest",
    "LatestVersion": "1.41.1.1716"
  },
  {
    "Name": "Google.Apis.Licensing.v1.dll",
    "BaseName": "Google.Apis.Licensing.v1",
    "Target": "Latest",
    "LatestVersion": "1.41.1.774"
  },
  {
    "Name": "Google.Apis.Oauth2.v2.dll",
    "BaseName": "Google.Apis.Oauth2.v2",
    "Target": "Latest",
    "LatestVersion": "1.41.1.1602"
  },
  {
    "Name": "Google.Apis.PeopleService.v1.dll",
    "BaseName": "Google.Apis.PeopleService.v1",
    "Target": "Latest",
    "LatestVersion": "1.41.1.1715"
  },
  {
    "Name": "Google.Apis.Script.v1.dll",
    "BaseName": "Google.Apis.Script.v1",
    "Target": "Latest",
    "LatestVersion": "1.41.1.1714"
  },
  {
    "Name": "Google.Apis.Sheets.v4.dll",
    "BaseName": "Google.Apis.Sheets.v4",
    "Target": "Latest",
    "LatestVersion": "1.41.1.1705"
  },
  {
    "Name": "Google.Apis.Slides.v1.dll",
    "BaseName": "Google.Apis.Slides.v1",
    "Target": "Latest",
    "LatestVersion": "1.41.1.1707"
  },
  {
    "Name": "Google.Apis.Tasks.v1.dll",
    "BaseName": "Google.Apis.Tasks.v1",
    "Target": "Latest",
    "LatestVersion": "1.41.1.1713"
  },
  {
    "Name": "MimeKit.dll",
    "BaseName": "MimeKit",
    "Target": "Latest",
    "LatestVersion": "1.10.1.0"
  },
  {
    "Name": "Newtonsoft.Json.dll",
    "BaseName": "Newtonsoft.Json",
    "Target": "Latest",
    "LatestVersion": "12.0.3"
  }
]
